Time (s),Package Power (W)
0.3004145622253418,158.389
0.6493892669677734,151.265
0.9988784790039062,187.668
1.3460276126861572,192.135
1.6925857067108154,193.238
2.0404818058013916,193.13799999999998
2.3892040252685547,192.87400000000002
2.736741304397583,192.348
3.0848233699798584,250.587
