Time (s),GPU 0 Power (W)
0.40059351921081543,64.92
0.836064338684082,64.73
1.2691402435302734,64.73
1.6994106769561768,316.7
2.1346049308776855,300.31
2.571871280670166,296.28
3.0084643363952637,300.69
3.4479730129241943,301.83
3.8865702152252197,301.54
4.325671672821045,302.39
4.7630393505096436,297.23
5.197885513305664,298.93
5.63537073135376,292.54
6.07466983795166,299.42
6.509632110595703,299.8
6.946161508560181,302.79
7.383659601211548,299.69
7.821123123168945,296.68
8.26135802268982,300.62
8.70250916481018,297.05
9.140593528747559,300.52
9.579411745071411,66.47
10.05778169631958,68.68
