Time (s),GPU 0 Power (W)
0.3004341125488281,63.14
0.6343016624450684,175.8
0.9675450325012207,252.42
1.301884412765503,234.16
1.6372244358062744,69.21
1.9711098670959473,209.09
2.3060762882232666,252.61
2.640410900115967,252.25
2.9741077423095703,71.62
3.3083412647247314,231.26
3.643805503845215,253.47
3.9758670330047607,252.42
4.308114528656006,76.24
4.643647193908691,98.01
4.976895570755005,253.94
5.311160326004028,252.15
5.645685195922852,243.69
5.979304790496826,128.6
6.312106370925903,254.04
6.6504247188568115,64.62
6.9835569858551025,254.51
7.316018581390381,248.09
7.651915073394775,166.97
7.984802722930908,179.24
8.31904149055481,254.7
8.652654647827148,239.71
8.98478889465332,69.98
9.318909645080566,210.71
9.651509284973145,254.88
9.984445333480835,254.52
10.318383932113647,71.04
10.653256893157959,222.98
10.98727560043335,253.83
11.319640398025513,254.61
11.65546178817749,72.66
11.9882493019104,134.1
12.322388648986816,255.91
12.656960248947144,254.51
12.990656852722168,65.27
13.324633836746216,253.75
13.65818977355957,107.07
13.990737915039062,140.88
14.323715686798096,255.93
14.655520677566528,251.88
14.987878322601318,211.82
15.32184386253357,171.28
15.65662693977356,256.02
15.990398168563843,255.74
16.32388734817505,117.07
16.656001091003418,189.64
16.99081778526306,256.5
17.32114028930664,255.92
17.654565811157227,71.23
17.989042282104492,220.51
18.322620391845703,252.24
18.656455278396606,255.85
18.988691329956055,72.47
19.319732666015625,78.42
19.654685020446777,72.19
19.987006187438965,239.95
20.321059942245483,257.15
20.654534339904785,255.57
20.9870867729187,77.77
21.319079160690308,97.68
21.653284788131714,257.24
21.987191438674927,255.37
22.32008671760559,250.26
22.656296730041504,122.7
22.99022603034973,257.43
23.322256803512573,254.53
23.65842843055725,235.57
23.991108417510986,153.06
24.322237730026245,257.52
24.65663743019104,257.25
24.988569259643555,194.73
25.323214769363403,171.47
25.656330347061157,237.27
25.992209434509277,70.57
