Time (s),GPU 0 Power (W)
0.40051913261413574,66.18
0.8339283466339111,65.98
1.2682926654815674,65.88
1.6984021663665771,65.79
2.1319003105163574,65.88
2.564460039138794,65.79
2.9988207817077637,65.69
3.4323110580444336,65.69
3.863539695739746,65.69
4.297044515609741,65.88
4.729668140411377,65.79
5.163169622421265,69.47
5.59499979019165,72.37
6.028512954711914,67.94
6.459866762161255,78.13
6.891798973083496,157.89
7.325373888015747,68.98
7.75603175163269,70.72
8.189812421798706,82.29
8.621953010559082,66.38
9.056901931762695,68.89
9.489266633987427,70.14
9.92595648765564,65.89
10.360239028930664,66.37
10.793469429016113,68.87
11.229015111923218,65.79
11.663328170776367,65.7
12.09788179397583,66.28
12.531296253204346,66.18
12.96597409248352,65.58
13.402181148529053,66.18
13.836084365844727,68.67
14.271112203598022,65.89
14.704442262649536,67.33
15.137338399887085,74.45
15.572062730789185,67.13
16.005855083465576,69.73
16.44086527824402,88.79
16.874573707580566,66.73
17.308799982070923,69.26
17.74308967590332,74.54
18.177908658981323,65.88
18.61253571510315,67.91
19.05096435546875,73.46
19.479849815368652,65.58
19.91498565673828,69.91
20.349830389022827,79.62
20.78339171409607,67.51
21.21736741065979,71.17
21.651775360107422,88.21
22.086387634277344,68.94
22.521361351013184,65.0
22.955490350723267,65.0
23.386465549468994,67.51
