Time Elapsed (s), sys_mem_r(MB/s), sys_mem_w(MB/s), total(MB/s)
0.000135255,3462.52,3325.86,6788.39
0.100045,3242.45,3156.04,6398.5
0.200875,3230.64,3199.83,6430.47
0.300661,2312.5,2163.2,4475.7
0.400397,442.739,382.924,825.663
0.500171,323.691,283.048,606.739
0.599946,275.57,262.097,537.667
0.6997,236.726,220.957,457.684
0.799421,292.295,291.66,583.955
0.900193,388.704,358.808,747.512
0.999947,280.65,262.722,543.372
1.10078,273.065,241.121,514.186
