Time (s),Package Power (W)
0.10028839111328125,301.52144999999996
0.20076417922973633,208.2856
0.30116724967956543,170.16009
0.4015614986419678,152.86765
0.5019435882568359,155.29806
0.6023252010345459,150.93161999999998
0.7026889324188232,131.86001999999996
0.8030729293823242,99.94296999999999
0.90348219871521,100.06505999999999
1.0038962364196777,100.09434999999999
1.1043126583099365,100.11814999999999
1.2047150135040283,99.20507
1.305100679397583,100.10106
1.405508041381836,121.14837000000001
1.5059361457824707,147.06627999999998
1.606325626373291,142.18651999999997
1.7066946029663086,141.81421
1.807065486907959,141.54017
1.907440185546875,125.95914
2.0078341960906982,101.37243
2.1082310676574707,98.53916999999998
2.2086148262023926,98.11009999999999
2.3089725971221924,98.69177
2.4093410968780518,101.31199
2.5097413063049316,102.32517999999999
2.6101229190826416,128.34195999999997
2.7104876041412354,147.60826999999998
2.810863733291626,146.54014999999998
2.9112281799316406,150.48117999999997
3.01161789894104,144.41917999999998
3.1119844913482666,138.84547999999998
3.2123754024505615,147.76939
