Time (s),Package Power (W)
0.1003110408782959,309.15142
0.20087361335754395,178.45475
0.30132532119750977,117.83843999999998
0.4018435478210449,108.56784
0.5022704601287842,108.61483
0.6027474403381348,105.43431
0.7032489776611328,101.93149999999999
0.8037495613098145,100.37572
0.9041335582733154,100.16453999999999
1.0045106410980225,99.35947999999999
1.104882001876831,100.05100999999999
1.2053072452545166,100.27989999999998
1.3057639598846436,101.29917999999999
1.4061524868011475,100.89147
1.5065562725067139,100.86827
1.6069507598876953,101.312
1.707352638244629,101.21189000000001
1.8077402114868164,101.95530999999998
1.9081141948699951,101.99680000000001
2.0084829330444336,100.51182999999999
2.1088180541992188,100.69492999999999
2.2091946601867676,102.65111
2.309566020965576,101.37364
2.4099247455596924,101.76731999999998
2.510322093963623,103.1699
2.610710382461548,102.38439
2.7111005783081055,102.8458
2.811476469039917,101.72336999999999
2.911843776702881,100.90612
3.0122156143188477,102.8989
3.112583875656128,101.37425
3.212970495223999,102.28367
3.313342571258545,103.09483999999999
3.4137096405029297,101.78929
3.5141165256500244,100.95554999999999
3.614487886428833,103.2529
3.714848041534424,102.92943000000001
3.81522798538208,102.90257
3.915605068206787,102.47837999999999
4.015970468521118,100.83957999999998
4.116339206695557,101.8839
4.216718912124634,102.30197999999999
4.317089319229126,102.02366999999998
4.417455673217773,100.50878
4.517851114273071,102.11459999999998
4.618211507797241,102.97215000000001
4.718613386154175,102.59921999999999
4.8189990520477295,102.70298
4.91935396194458,102.27878999999999
5.019721031188965,102.37034999999999
5.120086431503296,102.00536
5.22046685218811,103.54404
5.3208441734313965,101.63119999999999
5.42121148109436,100.84326
5.521603345870972,102.83603
5.621955156326294,102.20067999999999
5.722343444824219,102.56504
5.822730541229248,101.34250999999999
5.923096179962158,101.10265
6.023469686508179,103.32065999999999
6.1238720417022705,102.04319
6.224258899688721,102.07249999999999
6.324632883071899,102.22691
6.425002574920654,103.02035999999998
6.525399208068848,101.69774
6.625770807266235,100.45262000000001
6.726174354553223,97.46679999999999
6.826603412628174,112.03401
