Time (s),GPU 0 Power (W)
0.10018444061279297,33.88
0.2544691562652588,33.88
0.3886380195617676,33.88
0.5189192295074463,33.88
0.6686258316040039,33.88
0.8024923801422119,33.78
0.9535267353057861,33.88
1.1092383861541748,33.78
1.2431755065917969,34.17
1.4139602184295654,34.07
1.5458872318267822,35.84
1.7188875675201416,36.03
1.8704590797424316,53.18
2.003634214401245,52.18
2.1355907917022705,52.28
2.2851972579956055,52.09
2.454659938812256,52.77
2.5842700004577637,52.09
2.716768264770508,51.69
2.86240291595459,51.99
2.9945647716522217,57.11
3.151613473892212,53.28
3.3292853832244873,57.11
3.481255292892456,52.09
3.652073860168457,51.99
3.8224737644195557,52.18
3.9765615463256836,52.09
4.110271692276001,52.18
4.241581439971924,51.88
4.375230312347412,51.99
4.5040881633758545,51.99
4.637261152267456,52.09
4.78712272644043,55.53
