Time (s),GPU 0 Power (W)
0.10019659996032715,36.14
0.25339365005493164,36.13
0.4292564392089844,36.04
0.5610477924346924,36.04
0.708831787109375,36.14
0.8846797943115234,36.14
1.0333061218261719,36.63
1.2020795345306396,167.02
1.3406035900115967,154.12
1.4974422454833984,151.24
1.6593446731567383,195.83
1.8354671001434326,231.5
1.9665305614471436,235.6
2.106471538543701,237.27
2.245925188064575,237.65
2.3975470066070557,238.14
2.548849105834961,238.44
2.692962884902954,220.76
2.827768564224243,224.25
2.9656002521514893,238.14
3.121666431427002,238.13
3.301955461502075,238.43
3.4773194789886475,238.82
3.6165390014648438,222.79
3.7726120948791504,221.63
3.908452033996582,233.23
4.047281503677368,238.92
4.204289436340332,237.14
4.3410351276397705,236.97
4.49403977394104,230.71
4.6521077156066895,225.53
4.808311223983765,225.63
4.950776100158691,230.24
5.11232590675354,239.88
5.255443334579468,237.84
5.41204571723938,233.34
5.569207668304443,231.8
5.7081170082092285,226.21
5.861953496932983,226.31
6.017341613769531,232.09
6.169355869293213,232.37
6.306783437728882,238.14
6.445766925811768,237.95
6.583760499954224,232.18
6.720409154891968,226.5
6.859871864318848,226.79
7.0367591381073,232.36
7.177973508834839,232.66
7.31636118888855,232.17
7.452902555465698,232.18
7.590696096420288,232.47
7.730323314666748,232.66
7.869876861572266,232.76
8.006283521652222,232.57
8.182934761047363,232.76
8.343801736831665,232.38
8.47739028930664,233.14
8.614019393920898,232.66
8.752764225006104,227.5
8.893255233764648,232.95
9.031822204589844,233.34
9.169886112213135,232.95
9.327762842178345,233.06
9.46187138557434,233.04
9.599531888961792,233.04
9.736902952194214,227.59
9.873934507369995,233.33
10.013949632644653,233.54
10.16962456703186,233.74
10.326743364334106,233.54
10.501495361328125,234.02
10.652934312820435,72.51
10.789478302001953,55.82
10.95499324798584,60.35
