Time (s),Package Power (W)
0.1016685962677002,292.11350999999996
0.20212578773498535,232.2809
0.3025398254394531,201.63582999999997
0.4029388427734375,206.05904999999998
0.5033285617828369,201.15488
0.6037602424621582,181.64749
0.7042450904846191,181.93922999999998
0.8046207427978516,181.62551
0.9049570560455322,180.44387
1.0053367614746094,180.36209
1.10569429397583,182.12049999999996
1.2060620784759521,187.63319
1.306427240371704,183.14405999999997
1.406813383102417,188.33753000000002
1.5071992874145508,188.46876
1.607578992843628,190.41333
1.7079546451568604,188.89478
1.8085029125213623,191.75121
1.9088997840881348,187.85719
2.009276866912842,193.78979
2.109670877456665,193.78185000000002
2.210057020187378,192.88036999999997
2.31042218208313,194.56125999999998
2.410780906677246,189.89820999999998
2.5111892223358154,189.15538999999998
2.6115901470184326,191.58520000000001
2.711974859237671,190.78626
2.812373638153076,189.47277999999997
2.9127464294433594,188.21607
3.0130910873413086,191.72557999999998
3.1134471893310547,188.77577000000002
3.213809013366699,185.96144
3.3141894340515137,192.74974999999998
3.41461443901062,192.30052999999998
3.5150437355041504,192.61058999999997
3.615429162979126,189.31043000000003
3.7157773971557617,187.61364999999998
3.8161566257476807,191.51929
3.9165148735046387,186.86535999999998
4.016915798187256,178.88747999999998
4.117372512817383,189.87805999999998
