Time (s),GPU 0 Power (W)
0.10017848014831543,37.62
0.24799489974975586,37.02
0.4067249298095703,37.12
0.5598430633544922,37.22
0.6886296272277832,37.22
0.8176863193511963,37.22
0.9870538711547852,37.22
1.1194250583648682,37.12
1.250422477722168,37.12
1.3844172954559326,37.42
1.5526666641235352,37.12
1.697028636932373,37.22
1.8437132835388184,35.53
1.973921298980713,35.53
2.1064345836639404,35.74
2.241427183151245,192.8
2.372762441635132,216.15
2.545909881591797,213.13
2.678086519241333,212.27
2.812455654144287,213.73
2.9578914642333984,212.28
3.0911521911621094,212.52
3.224729061126709,213.41
3.357210636138916,214.15
3.490098237991333,212.74
3.6238670349121094,212.98
3.8086979389190674,215.07
3.950985908508301,214.01
4.082191467285156,213.38
4.213653564453125,214.8
4.415910005569458,215.08
4.567910194396973,215.67
4.716480255126953,215.47
4.862851619720459,214.6
5.008991003036499,214.82
5.13962721824646,212.4
5.273395776748657,215.47
5.425635814666748,215.22
5.600480318069458,214.23
5.7330310344696045,215.36
5.862878322601318,215.86
5.996351957321167,215.4
6.141758441925049,214.79
6.274290323257446,214.9
6.403873682022095,215.79
6.535724878311157,213.01
6.701158285140991,214.33
6.8492865562438965,215.26
6.981440544128418,215.22
7.135960102081299,215.36
7.285733938217163,215.69
7.418516635894775,215.49
7.5501697063446045,217.08
7.701164484024048,215.85
7.868934392929077,216.08
8.021419286727905,215.1
8.152711153030396,217.12
8.288205623626709,215.32
8.433491706848145,216.45
8.584571361541748,214.02
8.716900110244751,214.85
8.846687316894531,215.84
8.997681140899658,217.39
9.149752616882324,215.57
9.297194242477417,215.21
9.429926633834839,217.04
9.56203579902649,216.27
9.695356607437134,217.07
9.825344562530518,215.41
9.993433475494385,216.01
10.125684976577759,214.24
10.277551174163818,216.37
10.40855598449707,217.21
10.575983047485352,216.87
10.721117973327637,217.25
10.850759744644165,215.79
10.999692916870117,218.13
11.149886846542358,216.37
11.302189350128174,217.16
11.453234195709229,215.71
11.588877201080322,215.63
11.73843765258789,216.19
11.872840166091919,216.8
12.00546145439148,218.46
12.155240535736084,217.07
12.288885354995728,217.48
12.422136068344116,216.37
12.578707933425903,217.54
12.71292233467102,218.29
12.861835479736328,221.25
12.99311637878418,220.69
13.12460994720459,221.16
13.25719666481018,57.96
