Time (s),GPU 0 Power (W)
0.10017824172973633,38.71
0.2653388977050781,38.71
0.43025755882263184,38.62
0.6028673648834229,38.81
0.73828125,38.81
0.8721539974212646,38.62
1.0253715515136719,39.2
1.1583476066589355,38.62
1.2893798351287842,38.71
1.4464194774627686,38.62
1.5924830436706543,38.81
1.7268075942993164,38.81
1.8619062900543213,38.62
1.9953010082244873,39.1
2.1295909881591797,122.8
2.267066240310669,168.81
2.4009439945220947,180.26
2.533586025238037,226.14
2.678607702255249,226.62
2.8147759437561035,225.27
2.9415969848632812,227.1
3.1407277584075928,226.38
3.26511549949646,228.08
3.41744065284729,227.23
3.5609323978424072,228.84
3.692335844039917,226.62
3.8262083530426025,227.52
3.9573893547058105,228.32
4.088597297668457,226.63
4.220988035202026,227.16
4.372432231903076,228.29
4.525091886520386,229.51
4.6774492263793945,227.83
4.811784982681274,229.07
4.9437806606292725,227.16
5.0933473110198975,228.56
5.227380752563477,229.09
5.3745317459106445,229.87
5.544965982437134,230.34
5.677720546722412,229.37
5.8262903690338135,228.5
5.960430860519409,228.68
6.128938436508179,229.49
6.260707139968872,228.19
6.393223524093628,230.42
6.525526285171509,228.42
6.677522659301758,230.15
6.8080549240112305,228.43
6.955655097961426,229.56
7.087989330291748,230.06
7.234458923339844,229.68
7.380555629730225,230.08
7.5612709522247314,231.63
7.69963526725769,235.35
7.824283838272095,233.3
7.976274490356445,231.84
8.13302493095398,236.71
8.285005569458008,235.16
8.416585922241211,232.47
8.549172401428223,237.28
8.680878162384033,236.11
8.814263582229614,233.49
8.960689306259155,237.39
9.10871148109436,231.54
9.263410806655884,236.95
9.399171829223633,233.06
9.54460597038269,238.53
9.679363012313843,237.57
9.817463159561157,233.02
9.968750715255737,236.8
10.10166072845459,237.79
10.235747814178467,233.88
10.368647813796997,232.9
10.517016410827637,237.54
10.649204969406128,238.75
10.780373573303223,237.79
10.982494592666626,236.75
11.119212627410889,239.3
11.242495775222778,237.31
11.375633478164673,236.41
11.524471282958984,238.65
11.65660548210144,234.55
11.779680252075195,237.76
11.902165174484253,237.04
12.040700435638428,239.24
12.164021015167236,233.66
12.295961618423462,237.87
12.464663743972778,238.66
12.596827507019043,237.87
12.754144668579102,238.45
12.888426542282104,234.27
13.024388790130615,238.28
13.198113679885864,68.17
