Time (s),GPU 0 Power (W)
0.10017776489257812,37.02
0.2776496410369873,37.02
0.4326364994049072,37.02
0.5571589469909668,37.13
0.6825439929962158,37.02
0.8385632038116455,37.02
0.9896531105041504,164.67
1.1655676364898682,169.31
1.3030147552490234,249.64
1.4351284503936768,253.15
1.5853493213653564,253.53
1.7406456470489502,254.04
1.9389925003051758,253.84
2.0899925231933594,236.29
2.2646424770355225,238.04
2.3976755142211914,251.19
2.547882556915283,255.2
2.6960818767547607,255.39
2.8436901569366455,255.2
2.9921863079071045,247.34
3.163132429122925,240.4
3.360657215118408,242.36
3.4934494495391846,257.52
3.649106740951538,249.96
3.795945882797241,249.86
3.9319710731506348,249.96
4.068629026412964,249.66
4.1991846561431885,244.01
4.372079849243164,247.13
4.502281904220581,250.05
4.638226270675659,250.53
4.793316602706909,251.09
4.950488328933716,250.43
5.123677015304565,245.76
5.273200988769531,244.29
5.428649663925171,247.24
5.565361976623535,253.92
5.722346544265747,251.39
5.877262830734253,248.19
6.03199577331543,253.56
6.187744617462158,245.27
6.344560623168945,248.19
6.48264741897583,248.01
6.618701934814453,251.68
6.7719502449035645,245.19
6.920080184936523,248.2
7.057143211364746,251.88
7.191314935684204,248.2
7.342422962188721,248.58
7.4959471225738525,248.3
7.62804388999939,252.07
7.783404350280762,249.07
7.919027090072632,248.78
8.056932210922241,249.07
8.193154096603394,248.69
8.366520881652832,249.17
8.5202956199646,252.18
8.667617321014404,253.35
8.804704189300537,244.48
8.935192108154297,249.15
9.07108449935913,243.71
9.220440149307251,251.79
9.353031396865845,252.85
9.499714612960815,244.29
9.631811141967773,252.18
9.767676591873169,249.56
9.915608167648315,246.63
10.086189985275269,246.18
10.240892887115479,246.43
10.370946645736694,246.15
10.51818585395813,60.02
10.666715860366821,62.39
