Time (s),GPU 0 Power (W)
0.10017061233520508,61.8
0.24452447891235352,61.6
0.38715052604675293,61.31
0.5510916709899902,61.31
0.6752643585205078,61.21
0.8198487758636475,63.47
0.9729230403900146,251.1
1.1113684177398682,249.26
1.246812105178833,250.24
1.3810045719146729,250.26
1.5332438945770264,250.82
1.6665747165679932,250.53
1.800912618637085,240.41
1.9392168521881104,251.39
2.0773489475250244,254.91
2.225071430206299,252.18
2.3794684410095215,248.71
2.5202133655548096,254.73
2.656494617462158,246.24
2.7921791076660156,243.32
2.9308252334594727,246.33
3.0682785511016846,250.83
3.2670814990997314,246.74
3.3930234909057617,247.13
3.549409866333008,252.77
3.6855273246765137,246.93
3.834986686706543,247.05
3.992408275604248,247.02
4.128331899642944,252.97
4.2805211544036865,247.54
4.448577642440796,247.62
4.581599950790405,249.09
4.717411279678345,250.16
4.853254318237305,247.72
5.008419990539551,248.2
5.1632208824157715,248.1
5.320353031158447,248.21
5.4558892250061035,254.43
5.628341436386108,248.77
5.765022039413452,248.21
5.90323805809021,248.6
6.082330226898193,248.41
6.237852096557617,248.98
6.388437271118164,248.6
6.560670614242554,252.96
6.69617223739624,249.37
6.834491491317749,249.17
6.972364664077759,248.99
7.1228554248809814,249.28
7.279440641403198,248.99
7.431297779083252,249.37
7.564880132675171,249.37
7.720472574234009,249.28
7.856741905212402,249.37
8.004624843597412,249.67
8.158519983291626,249.77
8.317235946655273,249.28
8.469032526016235,249.37
8.603886127471924,249.77
8.74026083946228,249.48
8.876572608947754,249.67
9.0127694606781,249.57
9.186336517333984,244.38
9.324245929718018,249.77
9.459882020950317,250.15
9.628534317016602,250.54
9.765461206436157,249.96
9.90096378326416,250.16
10.051692485809326,250.16
10.206905364990234,244.02
10.338306665420532,72.39
10.469082117080688,66.23
10.629541635513306,65.14
