Time (s),Package Power (W)
0.10046124458312988,61.3835
0.20122742652893066,81.38652
0.3020331859588623,97.92393999999999
0.4027879238128662,98.54527
0.5035221576690674,97.89649
0.6042840480804443,97.89952
0.7050421237945557,100.286
0.8057770729064941,99.52856
0.9065036773681641,98.65024999999999
1.0072429180145264,97.41797
1.10797119140625,97.76892
1.20869779586792,97.92272
1.309422254562378,97.6737
1.410146951675415,98.38781
1.510894536972046,97.89159999999998
1.6116204261779785,98.22179
1.712343692779541,98.6289
1.8130714893341064,97.76036
1.913804292678833,99.83556
2.014528512954712,97.14330999999999
2.1152453422546387,97.27087
2.215968608856201,99.23009
2.31669020652771,99.29601000000001
2.417418956756592,100.28845
2.5181334018707275,99.69395
2.618938684463501,99.99181
2.7196648120880127,99.71166
2.82038950920105,99.61827
2.921107292175293,100.53258
3.0218303203582764,99.61583999999999
3.122549533843994,98.92491
3.2232613563537598,100.7456
3.323983669281006,99.78673
3.424706220626831,99.74706
3.5254335403442383,100.10656
3.6261518001556396,99.60300999999998
3.72688889503479,100.13829999999999
3.8275725841522217,98.77902999999999
3.928297281265259,99.78491
4.029016971588135,99.85996999999999
4.129735946655273,99.41015
4.230466604232788,100.41416999999998
4.331186532974243,99.58349
4.431909799575806,99.84594000000001
4.5326337814331055,100.08091
4.633352518081665,99.29601
4.734077453613281,99.78307000000001
4.8348002433776855,99.98143999999999
4.935478210449219,98.82297999999999
5.036197662353516,96.74841
5.136923789978027,100.00219000000001
5.2376484870910645,100.01866
5.338369846343994,98.31702
5.439111232757568,97.74694
5.539765357971191,102.25619999999999
5.640501499176025,100.82983
5.741161108016968,99.59689999999999
5.841814994812012,99.56944999999999
5.9424731731414795,98.3042
6.043064594268799,97.20372999999998
6.1436662673950195,97.36851999999999
6.244322776794434,98.96642
6.34499192237854,100.03698
6.44564962387085,99.77941000000001
6.546399354934692,99.37657000000002
6.647083282470703,99.51634999999999
6.747734308242798,92.96058
