Time (s),GPU 0 Power (W)
0.10017800331115723,54.74
0.22938203811645508,52.77
0.3920464515686035,52.18
0.5508217811584473,52.77
0.6918129920959473,52.57
0.8138015270233154,51.99
0.973834753036499,52.28
1.097184419631958,53.28
1.2391343116760254,53.85
1.384861946105957,53.07
1.5494763851165771,53.28
1.7134699821472168,53.38
1.857008695602417,53.56
1.9878363609313965,53.36
2.1518805027008057,54.35
2.2735393047332764,53.85
2.4392898082733154,54.14
2.607009172439575,54.04
