Time (s),Package Power (W)
0.10024690628051758,395.91634999999997
0.20056962966918945,272.63907
0.3008768558502197,190.68981999999997
0.40132927894592285,187.91027999999997
0.5017669200897217,188.24902999999998
0.6021823883056641,188.59205000000003
0.7026546001434326,187.4568
0.8030581474304199,183.85756
0.9034709930419922,186.12439999999998
1.003896951675415,186.79213
1.104339599609375,184.77857999999998
1.204777479171753,187.57947000000001
1.3051738739013672,184.16151
1.405571699142456,192.08324999999996
1.5058410167694092,190.74049000000002
1.6062521934509277,185.71545999999998
1.706627607345581,189.0083
1.8070502281188965,185.45180000000002
1.9074866771697998,186.42407999999998
2.007901191711426,187.32985
2.108363151550293,184.66688999999997
2.208754301071167,190.16064
2.309164524078369,187.80225000000002
2.4095399379730225,188.31983999999997
2.50997257232666,190.60741999999996
2.610370397567749,184.2787
2.7107503414154053,188.91551999999996
2.8112599849700928,188.06958999999998
2.9117090702056885,181.81044999999997
3.012200355529785,186.56995999999998
