Time (s),GPU 0 Power (W)
0.10017633438110352,52.96
0.26593565940856934,53.75
0.4341597557067871,52.96
0.6017372608184814,52.85
0.7701184749603271,53.17
0.9377872943878174,52.96
1.1073870658874512,53.46
1.2534093856811523,53.26
1.3811135292053223,54.24
1.548762321472168,53.36
1.6952648162841797,54.74
1.8413517475128174,54.54
2.0082855224609375,54.24
2.155517339706421,53.56
2.2837979793548584,53.85
2.431107997894287,53.07
2.58876895904541,57.3
