Time (s),GPU 0 Power (W)
0.10019326210021973,53.47
0.25368642807006836,53.28
0.4023756980895996,53.28
0.5287680625915527,53.47
0.6783568859100342,53.38
0.8295245170593262,53.38
0.9710733890533447,53.38
1.1396243572235107,54.33
1.290903091430664,53.85
1.4631423950195312,53.86
1.6139159202575684,53.57
1.7863540649414062,53.86
1.9561254978179932,54.64
2.106006145477295,54.75
2.2378222942352295,55.12
2.370445489883423,55.23
2.499177932739258,53.76
2.6667938232421875,53.67
2.8352932929992676,55.33
3.006882429122925,56.32
