Time (s),GPU 0 Power (W)
0.10019683837890625,52.48
0.27196288108825684,52.09
0.4517979621887207,52.57
0.5821094512939453,51.78
0.7095475196838379,52.09
0.8562548160552979,51.78
1.0245165824890137,51.99
1.1687982082366943,51.99
1.2995285987854004,33.87
1.4848222732543945,34.76
1.6600592136383057,34.07
1.8428239822387695,34.08
2.0205624103546143,33.98
2.193505048751831,34.17
2.3684346675872803,34.08
2.5246741771698,34.08
2.6551551818847656,33.97
2.8321282863616943,34.56
2.966317653656006,33.98
3.1337623596191406,33.97
3.286600351333618,33.97
3.436556577682495,34.36
3.575286626815796,34.55
3.7145016193389893,53.67
3.883777618408203,53.27
4.036547660827637,57.8
