Time (s),Package Power (W)
0.10025691986083984,342.30321000000004
0.20084071159362793,189.85669000000001
0.3014230728149414,108.46591
0.40187740325927734,105.39402
0.5022754669189453,110.73702
0.602675199508667,106.03487999999999
0.7030901908874512,104.74154999999999
0.8034782409667969,137.24757
0.9038522243499756,143.47558999999998
1.0042238235473633,142.42517999999998
1.1046018600463867,143.64648
1.2049765586853027,146.51085
1.3053369522094727,142.53931
1.405731201171875,143.17163
1.506108045578003,144.30139
1.6064774990081787,145.84618999999998
1.7068874835968018,150.92429
1.807328224182129,139.50587
1.907749891281128,107.60042999999999
2.0081419944763184,102.27025
2.1085212230682373,102.65903999999999
2.2088944911956787,104.2435
2.309272527694702,105.05466
2.409677505493164,104.94053000000001
2.510049819946289,101.41759
2.6104483604431152,135.38906
2.7108306884765625,144.3844
2.811230421066284,142.31835999999998
2.911616086959839,132.59608999999998
3.0119752883911133,105.96775000000001
3.112353801727295,102.58824
3.2127208709716797,102.30076
3.313096046447754,139.19765
3.4134607315063477,142.95739
3.5138473510742188,143.15943
3.6142146587371826,120.82915
3.7146241664886475,104.78733
3.815019369125366,103.52391
3.9154160022735596,107.03159
4.015801191329956,147.58995
4.116165399551392,143.27965999999998
4.216542720794678,144.43445
4.317118883132935,126.96317
4.417562007904053,105.05404999999999
