Time (s),Package Power (W)
0.10026311874389648,398.21675
0.2007436752319336,256.70160999999996
0.30116987228393555,190.1222
0.4015986919403076,185.82899
0.5020170211791992,192.67895
0.6025166511535645,191.85314999999997
0.7028477191925049,185.33398999999997
0.8033194541931152,186.06886000000003
0.9037187099456787,187.96156
1.0041470527648926,185.55982999999998
1.104691505432129,186.44117
1.2052967548370361,186.73414
1.3057456016540527,187.05945999999997
1.4061694145202637,187.35731
1.5065865516662598,188.88013
1.6070036888122559,191.38562
1.707401990890503,195.08129
1.8078207969665527,195.088
1.908203363418579,188.91674999999998
2.008578300476074,186.47534999999996
2.10896635055542,187.07471999999999
2.209364652633667,182.05337
2.3098039627075195,180.70326999999997
2.410268545150757,181.86171000000002
2.510688066482544,197.55077
2.6110904216766357,193.23925000000003
2.7115418910980225,193.95580999999999
2.811981201171875,196.76524
2.9124011993408203,193.01586
3.012861490249634,184.34767
3.113279104232788,170.77411
3.213735342025757,167.33172
3.3141660690307617,165.74419999999998
3.414599657058716,163.01289
3.515052318572998,160.33163000000002
3.6154747009277344,158.82038
3.7158780097961426,153.19297999999998
3.816335678100586,153.4963
3.9169082641601562,186.22877000000003
4.017519474029541,193.84654999999998
4.117860555648804,194.50024
4.218359708786011,165.65998
4.318784952163696,152.54843
4.419312000274658,161.96796999999998
