Time (s),Package Power (W)
0.10026812553405762,371.37660999999997
0.20100903511047363,234.18946999999997
0.30159592628479004,167.24016999999998
0.40218424797058105,160.86812
0.5025134086608887,164.19513
0.6029849052429199,189.11023999999998
0.7033514976501465,186.61817
0.803809404373169,186.06153999999998
0.9042050838470459,186.91479999999999
1.0046076774597168,185.14235
1.105010986328125,187.21998
1.2053961753845215,185.79909
1.3057773113250732,186.45398
1.4062166213989258,180.39933
1.5066182613372803,178.57802999999998
1.6070246696472168,176.23978
1.7073991298675537,190.21619
1.8077869415283203,186.07862
1.908172607421875,188.28015999999997
2.0085489749908447,186.93860999999998
2.1089091300964355,186.64198
2.2093467712402344,188.37842999999998
2.3097329139709473,168.78495999999998
2.4101028442382812,164.92816999999997
2.510474920272827,164.95807
2.6108391284942627,162.05891
2.7112200260162354,157.40133
2.811610460281372,152.26341
2.912020444869995,149.04075999999998
