Time (s),Package Power (W)
0.10026407241821289,347.33004
0.20069527626037598,242.95226
0.3011503219604492,189.35375999999997
0.4015662670135498,183.87343
0.5019581317901611,188.76539
0.6024527549743652,191.53393
0.7028713226318359,185.65565999999998
0.803363561630249,187.78270999999998
0.9038221836090088,185.79787
1.0042355060577393,184.00098999999997
1.1046314239501953,177.61979
1.2050056457519531,174.42583
1.305384635925293,169.68277999999998
1.405749797821045,165.58551999999997
1.5061137676239014,160.74849
1.6065657138824463,162.77546
1.7070355415344238,156.9277
1.807433843612671,153.87779
1.9078521728515625,171.41679
2.008261203765869,188.68665
2.1086618900299072,186.01819999999998
2.2090747356414795,191.02795
2.3096554279327393,185.83388
2.4101226329803467,188.68786999999998
2.510540246963501,189.35192999999998
2.6109683513641357,193.44189
2.711393117904663,192.83336999999997
2.81181001663208,197.11497
2.912238836288452,197.41771
3.0126798152923584,192.53368999999998
3.1130921840667725,196.59922
3.213517189025879,198.56028999999998
3.3139429092407227,186.24647000000002
3.414367914199829,181.90322
3.5148074626922607,173.45413999999997
3.6152303218841553,173.16972999999996
3.7156615257263184,170.1076
3.8161137104034424,163.59211000000002
3.916537046432495,161.54561
4.016949892044067,160.96882
4.117368936538696,183.94117999999997
4.217794179916382,193.60546
4.318213224411011,194.62352
4.418650388717651,199.35741
4.519104242324829,195.60496
4.619539022445679,195.55492999999998
4.719954967498779,196.97153
4.820381164550781,193.54748999999998
4.920785903930664,182.79493000000002
5.021203517913818,197.08629000000002
