Time (s),Package Power (W)
0.10026192665100098,331.38221
0.20076775550842285,194.09861999999998
0.3011314868927002,126.83073
0.4015927314758301,117.36787
0.5020313262939453,130.85843
0.602433443069458,193.26853999999997
0.7028517723083496,187.31091999999998
0.8032529354095459,187.36097999999998
0.9036340713500977,188.89539
1.0040349960327148,187.05091000000002
1.1044156551361084,187.90112999999997
1.204786777496338,188.58776999999998
1.3051800727844238,188.97717999999998
1.405566930770874,145.05089999999998
1.505981206893921,119.84648999999999
1.6063973903656006,117.42157999999999
1.7067875862121582,118.33709999999999
1.8071506023406982,119.61273
1.907590389251709,118.43964
2.0079762935638428,166.54863999999998
2.108350992202759,189.69006999999996
2.2087366580963135,189.08093
2.3091297149658203,196.87449999999998
2.409480571746826,194.72789999999998
2.50986385345459,194.81884
2.610236406326294,196.78415999999999
2.7106130123138428,188.44555999999997
2.8109898567199707,151.42051999999998
2.9113786220550537,120.10283000000001
3.011786460876465,118.35785999999999
3.1121578216552734,120.36467999999999
3.212524890899658,118.85162000000001
3.312934637069702,115.71932
3.413318157196045,127.89822000000001
