Time (s),Package Power (W)
0.10026264190673828,391.14278999999993
0.20073628425598145,266.39459
0.30118513107299805,190.19604
0.40160703659057617,188.15198999999998
0.5020263195037842,191.91296
0.6024291515350342,190.8424
0.7028436660766602,186.96119000000002
0.8032636642456055,185.67030000000003
0.9036459922790527,187.79616
1.0040442943572998,185.63856
1.104442834854126,168.48529
1.204845905303955,120.49895
1.3052618503570557,116.40899999999998
1.4056706428527832,118.86689
1.5060882568359375,123.56048000000001
1.6065289974212646,115.85846
1.7070000171661377,119.75433
1.8074562549591064,157.88717999999997
1.907869815826416,196.72128999999998
2.0082640647888184,187.08692
2.1086666584014893,195.60925
2.2090871334075928,194.557
2.309523105621338,194.50389
2.409978151321411,197.58310999999998
2.5104012489318848,195.29246999999998
2.610821008682251,194.04003000000003
2.711467742919922,198.68356999999997
2.8119235038757324,194.29760000000002
2.912365198135376,198.01218999999998
3.0127952098846436,196.33311999999998
3.1132168769836426,194.91343999999998
3.213634729385376,198.45469
3.3140554428100586,195.75938999999997
3.4144957065582275,195.37364
3.5149154663085938,197.84129999999996
3.615337610244751,194.10533
3.7157716751098633,175.33464
3.8162152767181396,125.78824
3.916673183441162,121.49322999999998
4.017111539840698,115.57221
4.117525815963745,126.52006
