Time (s),Package Power (W)
0.10025906562805176,326.74781
0.20067286491394043,253.66756999999998
0.30112361907958984,189.10595999999998
0.4015376567840576,187.00818999999998
0.501983642578125,186.28615
0.6023843288421631,187.57398
0.7028436660766602,189.24084999999997
0.8033480644226074,186.92822999999999
0.9036970138549805,186.23548
1.0041601657867432,187.54835
1.104726791381836,188.53467
1.2052083015441895,189.15601999999998
1.3056378364562988,186.91724
1.4060757160186768,189.41296999999997
1.506678819656372,194.31651000000002
1.6071701049804688,196.50463000000002
1.7076385021209717,194.47153999999998
1.8079314231872559,194.41723
1.908390998840332,199.69431999999998
2.008906841278076,193.68236
2.109501600265503,196.916
2.209973096847534,196.63584999999998
2.310396671295166,201.88425
2.4109511375427246,199.83347
2.5113871097564697,191.80309999999997
2.611797332763672,199.48434999999998
2.7121763229370117,199.52829999999997
2.8125507831573486,196.30016
2.912931442260742,194.78343999999998
3.0133800506591797,199.98238999999998
3.113862991333008,198.29296
3.2142562866210938,193.307
3.3145365715026855,191.14390999999998
3.4150078296661377,183.84658000000002
3.515439748764038,182.29995000000002
3.615997552871704,184.19263999999998
3.71640944480896,198.91488999999999
3.816787004470825,199.31896
3.9171934127807617,192.99388999999996
4.017610788345337,183.52919
4.118164300918579,197.76682999999997
