Time (s),GPU 0 Power (W)
0.10016822814941406,35.64
0.26201653480529785,35.84
0.4305305480957031,35.94
0.576092004776001,36.03
0.7176661491394043,35.75
0.8807544708251953,35.64
1.0037140846252441,35.64
1.1443049907684326,35.94
1.3037948608398438,35.84
1.4264676570892334,35.85
1.5930540561676025,35.74
1.7554044723510742,35.84
1.8817062377929688,35.84
2.048764228820801,34.87
2.212963581085205,35.06
2.3363940715789795,35.06
2.5000061988830566,35.05
2.6616370677948,40.67
2.8099844455718994,52.77
2.9730703830718994,54.83
3.1142687797546387,54.43
3.2415077686309814,54.43
3.3637282848358154,54.06
3.4865777492523193,54.25
3.653157949447632,53.76
3.7782280445098877,54.56
3.9235687255859375,54.43
4.046094655990601,53.56
4.188780784606934,55.12
4.352848052978516,53.18
4.5115885734558105,54.35
4.691234111785889,56.12
