Time (s),GPU 0 Power (W)
0.10017228126525879,53.47
0.26645588874816895,53.57
0.4254276752471924,53.67
0.5882303714752197,53.57
0.7134175300598145,53.47
0.8383312225341797,53.67
0.982346773147583,53.47
1.1485185623168945,53.76
1.3151593208312988,53.47
1.472416877746582,48.66
1.6229422092437744,35.53
1.7624640464782715,35.44
1.8874990940093994,35.26
2.03287672996521,35.94
2.183936357498169,104.02
2.342881202697754,146.46
2.468191146850586,212.05
2.6315975189208984,212.94
2.759296417236328,212.56
2.903590440750122,212.36
3.06827974319458,213.1
3.231266498565674,213.87
3.3896303176879883,214.18
3.530792474746704,213.11
3.6945083141326904,213.38
3.8390517234802246,213.5
4.004358291625977,214.16
4.130519390106201,214.19
4.295483827590942,215.42
4.434764623641968,214.38
4.582859992980957,214.57
4.7072203159332275,214.57
4.846900701522827,215.84
4.9734883308410645,213.6
5.101672649383545,215.67
5.225690841674805,215.53
5.351242542266846,214.49
5.476572513580322,215.17
5.624452352523804,215.26
5.766200065612793,214.38
5.931406736373901,215.34
6.092828750610352,213.04
6.220317125320435,214.77
6.369842290878296,214.89
6.5296361446380615,217.09
6.6750648021698,214.85
6.819140911102295,215.93
6.984429121017456,214.69
7.148596286773682,214.59
7.276264429092407,216.05
7.435257196426392,215.32
7.563193082809448,214.79
7.72773551940918,215.46
7.890475273132324,215.53
8.034884214401245,216.75
8.155817031860352,215.44
8.3131103515625,216.83
8.478219032287598,216.03
8.603619575500488,216.55
8.725617170333862,214.32
8.887590169906616,215.77
9.054858207702637,216.64
9.194881439208984,215.75
9.359252214431763,217.21
9.481768369674683,215.65
9.650014638900757,216.64
9.790622472763062,214.68
9.950612783432007,216.15
10.111392259597778,217.11
10.236977100372314,216.48
10.400551795959473,217.58
10.546857357025146,217.23
10.669487714767456,216.74
10.793924808502197,216.14
10.936823844909668,217.32
11.06155514717102,216.44
11.205239057540894,216.07
11.327078104019165,218.28
11.472291231155396,214.87
11.640624761581421,214.87
11.790331602096558,216.24
11.932511806488037,217.99
12.095189332962036,217.68
12.258234739303589,216.64
12.400043725967407,216.45
12.548872232437134,217.54
12.674187183380127,218.77
12.838645935058594,217.61
12.96475887298584,217.61
13.114335060119629,217.49
13.303192615509033,64.37
