Time (s),GPU 0 Power (W)
0.10017514228820801,54.43
0.25017213821411133,54.64
0.3734860420227051,54.74
0.5028233528137207,54.43
0.6332755088806152,54.54
0.7800748348236084,54.83
0.9221668243408203,54.54
1.0480875968933105,54.43
1.1887428760528564,54.24
1.3376414775848389,54.24
1.5051252841949463,54.43
1.6498029232025146,41.27
1.8186335563659668,35.63
1.9491219520568848,36.04
2.083878755569458,36.04
2.2223708629608154,180.62
2.3697104454040527,215.77
2.5225515365600586,215.58
2.676206350326538,215.84
2.830543279647827,216.91
3.0011680126190186,215.06
3.153154134750366,216.27
3.325148344039917,215.88
3.4590775966644287,215.01
3.6056969165802,215.89
3.754495143890381,217.39
3.9004409313201904,217.32
4.04863977432251,217.91
4.180998086929321,216.62
4.328251600265503,216.18
4.460654973983765,217.3
4.592236280441284,215.78
4.764964580535889,216.67
4.917345762252808,218.17
5.084391832351685,216.72
5.213902235031128,217.36
5.38715386390686,216.21
5.601898670196533,217.61
5.734367609024048,218.03
5.900270462036133,218.57
6.029959440231323,217.84
6.1810688972473145,218.66
6.354727506637573,216.66
6.525545358657837,217.16
6.680330753326416,218.32
6.833588600158691,217.23
7.004877805709839,218.51
7.156522274017334,218.95
7.309753179550171,217.55
7.442969083786011,217.38
7.5887696743011475,218.57
7.720961809158325,216.56
7.868029594421387,217.75
8.018770933151245,218.23
8.165045976638794,218.21
8.320473194122314,217.65
8.490738153457642,217.63
8.663944959640503,217.34
8.793578386306763,216.69
8.925740003585815,218.1
9.052667617797852,217.16
9.201336145401001,218.73
9.352298259735107,218.29
9.527437210083008,217.42
9.677305936813354,218.43
9.812347650527954,217.97
9.985487461090088,218.7
10.119502782821655,219.89
10.265521049499512,218.43
10.4395432472229,218.22
10.591705083847046,219.62
10.724878549575806,219.77
10.877134084701538,218.04
11.03038763999939,217.94
11.18189525604248,219.32
11.329773426055908,218.61
11.489099979400635,219.4
11.638718605041504,220.31
11.789704322814941,218.9
11.943702936172485,219.32
12.113306283950806,218.35
12.264579057693481,218.6
12.398993253707886,218.61
12.527326107025146,220.3
12.677289724349976,218.72
12.804755449295044,220.28
12.974249362945557,220.39
13.109936714172363,220.28
13.245306730270386,58.56
