Time (s),GPU 0 Power (W)
0.1002051830291748,53.47
0.26880931854248047,53.47
0.44173645973205566,53.38
0.6154153347015381,53.47
0.7452385425567627,53.57
0.87900710105896,53.38
1.0460269451141357,53.38
1.1993823051452637,53.47
1.3289921283721924,53.47
1.4790232181549072,43.14
1.612518072128296,35.34
1.7858085632324219,35.34
1.9553625583648682,35.24
2.1011877059936523,35.53
2.274487018585205,76.68
2.417186975479126,103.93
2.60428524017334,215.06
2.7505414485931396,212.04
2.9003183841705322,212.52
3.0569310188293457,213.29
3.264744281768799,211.47
3.44236421585083,212.71
3.611088752746582,214.67
3.7583045959472656,215.63
3.9327151775360107,211.89
4.087338209152222,213.31
4.2583909034729,215.36
4.42971658706665,215.71
4.584542512893677,213.13
4.74422550201416,214.88
4.898406267166138,215.33
5.068253040313721,213.64
5.239562511444092,213.54
5.374438762664795,215.74
5.525102615356445,215.0
5.660269498825073,214.59
5.81987190246582,213.42
5.957000732421875,215.74
6.109234809875488,214.7
6.286125421524048,214.69
6.4622578620910645,214.1
6.610641717910767,215.66
6.782976388931274,214.77
6.933844089508057,214.31
7.084183931350708,215.49
7.2195963859558105,214.47
7.389416217803955,215.36
7.524779558181763,215.93
7.661679029464722,216.23
7.884478807449341,215.21
8.058445453643799,216.54
8.189686059951782,214.39
8.362878799438477,216.52
8.497900009155273,216.41
8.673299074172974,216.38
8.828041076660156,213.93
8.980532884597778,215.17
9.135237455368042,216.35
9.286622524261475,216.99
9.417802095413208,217.4
9.573762655258179,214.99
9.747341632843018,215.88
9.920857191085815,216.55
10.095700025558472,216.05
10.262009859085083,215.96
10.415330171585083,216.85
10.58609914779663,215.39
10.723047018051147,217.98
10.872349262237549,215.4
11.009211301803589,215.67
11.185402154922485,215.23
11.317983150482178,216.62
11.470449924468994,217.5
11.626662731170654,217.8
11.76387882232666,215.87
11.935137033462524,217.01
12.065697431564331,217.63
12.242779731750488,216.57
12.396239519119263,216.08
12.544996500015259,216.82
12.696913957595825,217.04
12.875317811965942,217.49
13.015738487243652,216.46
13.1840078830719,216.07
13.355263710021973,218.76
13.492577314376831,75.54
