Time (s),GPU 0 Power (W)
0.10018229484558105,53.76
0.24895596504211426,53.47
0.42316222190856934,53.67
0.5680124759674072,53.38
0.6980464458465576,53.67
0.828263521194458,53.57
0.9927318096160889,53.38
1.1218616962432861,53.57
1.2471179962158203,54.33
1.378755807876587,53.67
1.5443270206451416,53.86
1.6759843826293945,53.38
1.8456220626831055,35.36
2.018821954727173,35.84
2.1757962703704834,104.61
2.3474180698394775,104.42
2.4788849353790283,211.56
2.648089647293091,213.75
2.849543333053589,215.45
2.9855780601501465,214.18
3.157550096511841,215.69
3.295370101928711,215.66
3.4645392894744873,214.75
3.618508815765381,213.8
3.767747402191162,215.0
3.9375696182250977,213.71
4.113644361495972,215.25
4.283865451812744,214.5
4.4191060066223145,214.58
4.568299770355225,215.52
4.70661735534668,214.77
4.861995697021484,216.59
5.001960277557373,215.27
5.172297716140747,216.33
5.340229749679565,214.47
5.491855621337891,215.2
5.6271796226501465,214.76
5.77569842338562,216.23
5.949463605880737,215.86
6.12371039390564,214.21
6.2943339347839355,215.37
6.4642393589019775,215.37
6.639296293258667,214.46
6.774777889251709,216.53
6.925405740737915,216.03
7.082104682922363,214.95
7.219049453735352,216.07
7.368969440460205,215.55
7.506354808807373,216.03
7.681520462036133,217.13
7.859970331192017,215.77
8.010592699050903,215.39
8.18430233001709,216.93
8.352425336837769,215.29
8.485042333602905,216.71
8.655526876449585,218.08
8.78640365600586,217.53
8.935898542404175,216.35
9.070603609085083,215.82
9.220036506652832,216.16
9.355300903320312,216.05
9.52783465385437,216.45
9.684064626693726,220.99
9.815708637237549,220.41
9.97019624710083,220.77
10.146052122116089,218.72
10.283408641815186,219.47
10.454271793365479,220.37
10.624439239501953,221.6
10.75893783569336,219.15
10.912401914596558,219.88
11.049065589904785,220.85
11.221034526824951,220.27
11.354835510253906,221.59
11.524627447128296,220.63
11.67304253578186,219.96
11.841232061386108,221.07
11.996919393539429,221.64
12.146316051483154,219.96
12.280829429626465,221.23
12.44872784614563,222.26
12.60842251777649,219.5
12.757163524627686,221.35
12.912326574325562,221.57
13.06333613395691,221.52
13.236133098602295,77.59
