Time (s),GPU 0 Power (W)
0.10017895698547363,54.75
0.22113990783691406,54.14
0.3627450466156006,54.33
0.5012669563293457,54.46
0.6444668769836426,54.44
0.7880065441131592,54.35
0.947822093963623,54.15
1.0746715068817139,54.25
1.2153143882751465,54.25
1.340695858001709,54.25
1.502380609512329,54.35
1.6276648044586182,54.36
1.796799898147583,35.85
1.9576599597930908,36.24
2.126826524734497,36.24
2.2691352367401123,105.23
2.4109020233154297,217.21
2.5574707984924316,212.9
2.6848273277282715,213.9
2.8267581462860107,215.17
2.9907028675079346,215.49
3.1503357887268066,215.65
3.307684898376465,214.76
3.4750943183898926,214.67
3.641490936279297,215.15
3.7813804149627686,215.46
3.908127784729004,215.48
4.032544851303101,215.04
4.17828369140625,215.74
4.337388277053833,215.3
4.4660162925720215,215.3
4.627014636993408,215.65
4.7565367221832275,215.74
4.9174206256866455,214.8
5.056153297424316,214.66
5.224447965621948,214.52
5.388328790664673,214.67
5.534963369369507,216.34
5.704527139663696,216.04
5.865066766738892,216.43
6.00368857383728,215.77
6.12492036819458,216.57
6.270015478134155,215.81
6.417831897735596,215.9
6.561251163482666,216.81
6.685177803039551,215.36
6.844954490661621,214.58
6.970970392227173,216.26
7.138136863708496,217.4
7.277677297592163,216.87
7.41595458984375,217.51
7.5612945556640625,217.06
7.68221116065979,216.64
7.828371286392212,216.73
7.975551128387451,216.36
8.142951250076294,217.42
8.300713777542114,216.64
8.466549634933472,217.85
8.629562854766846,216.19
8.799633979797363,215.95
8.961313009262085,217.55
9.10049557685852,217.82
9.249996423721313,217.32
9.39806580543518,217.63
9.545681238174438,216.02
9.689985752105713,216.13
9.815195322036743,218.76
9.939578533172607,217.3
10.104329347610474,217.13
10.230990886688232,215.78
10.375235319137573,216.93
10.538548231124878,216.93
10.665566444396973,218.86
10.8078773021698,219.14
10.95436429977417,217.78
11.07891297340393,219.06
11.206474781036377,216.35
11.33126425743103,217.78
11.47730278968811,216.75
11.616221904754639,218.24
11.746342420578003,216.64
11.90512490272522,216.93
12.035102605819702,218.7
12.18159532546997,218.84
12.32149052619934,219.73
12.48627257347107,217.82
12.664448499679565,220.01
12.815450429916382,221.14
12.981024503707886,220.96
13.12652063369751,221.88
13.29490351676941,70.04
