Time (s),GPU 0 Power (W)
0.10016942024230957,56.32
0.2663586139678955,56.03
0.43921351432800293,55.83
0.6070973873138428,56.03
0.7588362693786621,55.83
0.9278547763824463,125.61
1.0841217041015625,253.44
1.2613093852996826,253.82
1.4132499694824219,253.82
1.588538646697998,248.17
1.7649126052856445,254.88
1.916200876235962,241.74
2.058199405670166,252.06
2.237654209136963,251.69
2.411365509033203,248.87
2.5518362522125244,255.07
2.7091753482818604,249.25
2.8646650314331055,245.94
3.0421011447906494,245.94
3.184297561645508,252.66
3.3366799354553223,252.65
3.5091159343719482,250.42
3.6456408500671387,243.31
3.8124167919158936,250.7
3.9479260444641113,246.52
4.125525951385498,246.71
4.2767417430877686,253.14
4.437297105789185,253.33
4.61253809928894,244.67
4.7551491260528564,250.61
4.934139251708984,247.3
5.095222473144531,247.4
5.272219896316528,247.4
5.412478685379028,254.01
5.589418411254883,248.38
5.747512102127075,250.32
5.920739650726318,247.6
6.06197190284729,247.88
6.216855764389038,248.17
6.371821165084839,254.69
6.548149585723877,248.36
6.713067054748535,248.66
6.870009899139404,245.25
7.009403228759766,251.89
7.18267035484314,245.54
7.32018518447876,248.36
7.473201274871826,251.87
7.6283793449401855,251.86
7.803611993789673,245.37
7.98201322555542,249.04
8.163145542144775,248.0
8.340113878250122,251.79
8.492202281951904,251.78
8.64392352104187,246.13
8.781313419342041,245.56
8.957129716873169,249.06
9.132184982299805,248.46
9.285008192062378,248.85
9.442099571228027,252.27
9.619708776473999,252.46
9.75844669342041,246.41
9.895476818084717,252.66
10.072408199310303,246.62
10.22988224029541,253.14
10.368063688278198,71.43
10.514893054962158,61.22
10.650715827941895,60.35
