Time (s),GPU 0 Power (W)
0.10019588470458984,56.61
0.2268383502960205,58.96
0.40691041946411133,56.22
0.5688347816467285,56.8
0.6907777786254883,56.11
0.8162784576416016,56.11
0.9766533374786377,253.43
1.123157024383545,256.43
1.2694461345672607,253.52
1.4366869926452637,253.62
1.6000263690948486,254.31
1.7296972274780273,253.92
1.8966071605682373,227.56
2.040574312210083,241.74
2.1624112129211426,248.27
2.2895684242248535,248.17
2.4576497077941895,251.58
2.623868465423584,255.37
2.7715811729431152,255.17
2.938504695892334,245.73
3.063649892807007,242.53
3.206860065460205,242.52
3.3337650299072266,248.87
3.4825963973999023,252.27
3.6428794860839844,249.33
3.7739522457122803,249.35
3.917602300643921,252.65
4.083450794219971,243.7
4.248407602310181,251.28
4.412374496459961,252.85
4.53803825378418,246.89
4.697115659713745,252.27
4.825258731842041,250.32
4.951229810714722,253.24
5.085667371749878,247.1
5.226366996765137,246.91
5.354183197021484,247.18
5.500554084777832,250.42
5.66740608215332,251.09
5.832711935043335,254.11
5.993392467498779,249.35
6.134222030639648,244.18
6.261957168579102,247.3
6.407001495361328,247.77
6.569616079330444,251.59
6.710010766983032,253.92
6.834871768951416,254.21
7.003934621810913,245.35
7.132693529129028,247.79
7.279249906539917,247.59
7.448233127593994,247.98
7.590724468231201,252.48
7.756850481033325,245.63
7.921748638153076,249.25
8.063138961791992,248.46
8.228137731552124,245.35
8.353780746459961,248.55
8.518473148345947,248.26
8.685737371444702,252.18
8.82810091972351,245.45
8.994765758514404,245.45
9.123391389846802,248.65
9.289894819259644,248.95
9.460125207901001,248.76
9.601964950561523,249.43
9.748409748077393,248.74
9.894447565078735,248.76
10.112645387649536,248.26
10.254662990570068,245.92
10.378411293029785,65.75
10.542457818984985,61.01
10.780671834945679,59.08
