Time (s),GPU 0 Power (W)
0.10019111633300781,57.0
0.24835562705993652,56.9
0.4282667636871338,57.4
0.5543367862701416,56.8
0.7191083431243896,57.01
0.8713233470916748,58.59
1.0261881351470947,257.22
1.1984553337097168,254.98
1.3769662380218506,254.98
1.5249965190887451,254.98
1.698310136795044,255.47
1.8375632762908936,230.23
2.014244794845581,243.0
2.151066780090332,258.86
2.314495801925659,249.82
2.4694104194641113,249.93
2.641554117202759,249.82
2.81780743598938,243.7
2.990926742553711,247.27
3.126756429672241,250.12
3.2977206707000732,253.04
3.4747025966644287,250.32
3.6182098388671875,250.21
3.7730886936187744,244.37
3.9236204624176025,245.06
4.099091529846191,250.99
4.238279104232788,251.37
4.41960072517395,250.99
4.57416033744812,251.38
4.749914884567261,247.88
4.924795150756836,245.06
5.0787200927734375,245.16
5.255974531173706,251.87
5.428102254867554,251.86
5.599339008331299,252.84
5.774972915649414,248.66
5.953144311904907,245.65
6.103715419769287,248.27
6.2591259479522705,255.07
6.417910814285278,255.18
6.57265305519104,249.82
6.7273335456848145,245.94
6.87877893447876,248.65
7.054113864898682,244.75
7.211000919342041,249.43
7.3884100914001465,252.74
7.5649285316467285,247.3
7.7396838665008545,246.41
7.889993667602539,249.43
8.063217878341675,249.63
8.201408863067627,249.72
8.378539800643921,249.62
8.557952404022217,249.55
8.695577383041382,249.04
8.8692307472229,246.89
9.027570009231567,246.02
9.16561508178711,252.85
9.301410675048828,244.37
9.461142778396606,253.05
9.641330003738403,247.18
9.779279470443726,252.18
9.920255899429321,247.1
10.077834844589233,253.24
10.234787225723267,247.0
10.392091751098633,60.06
10.56472897529602,67.3
