Time (s),GPU 0 Power (W)
0.10018229484558105,57.9
0.24380278587341309,57.9
0.36701059341430664,57.4
0.5318052768707275,57.2
0.6579489707946777,57.0
0.818220853805542,57.19
0.9806826114654541,223.49
1.1099591255187988,253.53
1.2574670314788818,254.4
1.4216337203979492,254.98
1.5503365993499756,255.18
1.696470022201538,255.95
1.8649237155914307,220.46
1.9892578125,232.76
2.1355350017547607,243.03
2.2796194553375244,249.33
2.4010965824127197,249.63
2.5475423336029053,249.72
2.6746938228607178,249.93
2.8403663635253906,250.23
2.980351448059082,242.93
3.107816457748413,253.14
3.272841215133667,253.43
3.418389320373535,248.46
3.5608632564544678,247.49
3.6882548332214355,252.54
3.832969903945923,253.73
3.95928692817688,245.83
4.100687742233276,247.4
4.265365123748779,254.5
4.427437782287598,248.08
4.589273452758789,251.18
4.75374436378479,248.46
4.8981311321258545,244.66
5.041362524032593,242.71
5.190284967422485,248.17
5.313922882080078,254.9
5.461555242538452,243.79
5.627806186676025,251.75
5.754597425460815,243.58
5.896400213241577,243.58
6.023285627365112,245.75
6.167250156402588,248.46
6.329809665679932,248.46
6.50341796875,246.91
6.649976015090942,255.47
6.77735710144043,243.41
6.9223103523254395,245.94
7.08439564704895,252.16
7.251389265060425,254.4
7.416788578033447,244.08
7.560884952545166,249.92
7.70526385307312,252.37
7.8529088497161865,249.33
7.997732162475586,246.41
8.165684461593628,252.65
8.288877248764038,250.01
8.429715156555176,246.43
8.563103914260864,252.16
8.727354049682617,249.72
8.892507553100586,252.86
9.033081293106079,249.91
9.204327821731567,253.22
9.36591362953186,249.71
9.532930135726929,250.21
9.675306797027588,250.61
9.840535879135132,246.91
9.966734409332275,247.11
10.10747480392456,253.05
10.23714804649353,253.92
10.383639812469482,245.05
10.522770643234253,61.03
10.672349214553833,66.54
