Time (s),GPU 0 Power (W)
0.10018372535705566,34.37
0.23312711715698242,35.14
0.3826785087585449,35.15
0.5508918762207031,35.14
0.6842007637023926,35.15
0.8160316944122314,35.15
0.9470713138580322,35.14
1.0954937934875488,35.44
1.2292799949645996,35.53
1.3644893169403076,35.44
1.497624397277832,37.42
1.633357048034668,52.38
1.770416259765625,52.78
1.9023516178131104,52.28
2.0473430156707764,53.18
2.1790366172790527,53.38
2.336451530456543,53.08
2.4869332313537598,53.18
2.616529703140259,52.88
2.7471957206726074,53.28
2.878636121749878,53.28
3.012209415435791,53.28
3.1430411338806152,53.38
3.2744009494781494,53.18
3.405550241470337,52.38
3.536741018295288,53.18
3.669785261154175,55.23
