Time (s),GPU 0 Power (W)
0.10017871856689453,51.29
0.24441313743591309,51.49
0.3776125907897949,51.2
0.5066618919372559,51.49
0.6561367511749268,51.29
0.7865927219390869,51.39
0.9181270599365234,51.39
1.0504791736602783,52.18
1.1823184490203857,52.18
1.3101439476013184,51.99
1.4409596920013428,52.18
1.5726189613342285,51.78
1.7044346332550049,51.79
1.8354675769805908,53.47
1.9709315299987793,52.87
2.1113860607147217,52.97
2.2438297271728516,53.38
2.3649487495422363,55.22
