Time (s),Package Power (W)
0.10025572776794434,185.70022
0.2006988525390625,185.49452000000002
0.30109214782714844,182.86269
0.4016075134277344,185.66358999999997
0.5019769668579102,185.49451
0.6023375988006592,185.06973000000002
0.702686071395874,184.33667999999997
0.8030273914337158,185.95716
0.9033710956573486,184.46303999999998
1.003713607788086,185.67211999999998
1.1040661334991455,185.35657999999998
1.2044129371643066,184.20608000000001
1.3047575950622559,184.89942
1.405106544494629,189.50391
1.5054690837860107,191.71582999999998
1.6058084964752197,192.24254000000002
1.7061560153961182,191.17809999999997
1.806520700454712,195.23325999999997
1.9068729877471924,194.00036999999998
2.007200241088867,196.49852
2.1075596809387207,195.23448000000002
2.2079050540924072,191.41674999999998
2.3082494735717773,196.65049
2.4085888862609863,193.78491
2.5089399814605713,193.07567999999998
2.6093039512634277,195.70689000000002
2.70967435836792,195.82102999999998
2.810037612915039,195.07458
2.9103848934173584,191.27636
3.010728120803833,196.20983
3.1110730171203613,193.62621
3.2114155292510986,190.76915999999997
3.3117835521698,198.05308
3.4121484756469727,195.45971
3.512498378753662,195.06177
3.6128458976745605,193.96007
3.71319317817688,192.26694999999998
3.8135178089141846,196.42344999999997
3.913841485977173,191.34229
4.0141777992248535,183.05129
