Time (s),Package Power (W)
0.3004484176635742,256.2957333333334
0.6011221408843994,201.79595
0.9018278121948242,200.44382333333337
1.2026245594024658,196.3028
1.5032413005828857,199.33217333333332
1.8038356304168701,202.16236666666666
2.104461669921875,205.83158333333336
2.4050848484039307,203.57736
2.705674886703491,206.18070666666665
3.006483554840088,203.53748333333334
3.3072845935821533,203.40768
3.6080920696258545,203.35295666666667
3.908904790878296,200.3659
4.209667444229126,257.7477533333333
