Time (s),Package Power (W)
0.30046844482421875,258.80589666666674
0.6011416912078857,198.24249333333333
0.9018704891204834,196.91681333333332
1.2024025917053223,196.23057666666668
1.5031523704528809,200.3058866666667
1.8038992881774902,198.65855000000002
2.10461163520813,199.60479333333333
2.4053118228912354,202.19491666666667
2.7059638500213623,196.11379333333332
