Time (s),Package Power (W)
0.10027933120727539,267.81182
0.2008814811706543,201.75119
0.30129051208496094,174.94767
0.4017300605773926,162.34760999999997
0.5021586418151855,169.92021999999997
0.6025621891021729,168.6867
0.7029168605804443,147.59606
0.8033277988433838,141.72997999999998
0.903712272644043,140.25476999999998
1.004141092300415,141.02137
1.1045453548431396,140.78576999999999
1.2049560546875,141.01831999999996
1.3053717613220215,138.99256
1.405815839767456,149.22081
1.5062661170959473,147.73949000000002
1.6066579818725586,146.45042999999998
1.7070703506469727,145.11375999999998
1.8075125217437744,149.88366
1.9079513549804688,142.88415
2.0083117485046387,150.52391
2.108738660812378,149.40697
2.209196090698242,149.74875
2.3095476627349854,149.61448999999996
2.409973621368408,147.80175
2.5104246139526367,144.84153999999998
2.610823392868042,150.06064999999998
2.7112061977386475,150.33042999999998
2.8116421699523926,143.07397
2.9120681285858154,148.57934
3.01245379447937,151.56209999999996
3.112847089767456,148.51953
3.2132980823516846,144.01513
3.3137125968933105,149.07126999999997
3.4141061305999756,150.71677999999997
3.5145578384399414,148.80272
3.614985466003418,150.60752
3.7153358459472656,145.07043
3.81575608253479,147.56797999999998
3.916191339492798,150.10765999999998
4.016580104827881,142.02721
4.116955041885376,137.82681
