Time (s),GPU 0 Power (W)
0.10019803047180176,34.97
0.23312163352966309,34.87
0.3588747978210449,34.87
0.4915897846221924,34.86
0.6215629577636719,34.96
0.7556271553039551,34.87
0.8876638412475586,34.77
1.020991325378418,35.06
1.1564772129058838,35.44
1.2938086986541748,35.15
1.430650234222412,35.74
1.564514398574829,48.27
1.6965830326080322,49.34
1.8300373554229736,54.56
1.9620070457458496,53.94
2.093860626220703,54.24
2.2238383293151855,54.24
2.3589327335357666,54.14
2.486107349395752,54.44
2.62139630317688,54.06
2.7538576126098633,54.06
2.885953187942505,54.33
3.016322135925293,53.47
3.1467084884643555,53.76
3.278322696685791,53.86
3.409803628921509,54.06
3.5409412384033203,54.64
3.671602249145508,54.35
3.8067305088043213,56.22
