Time (s),Package Power (W)
0.30045366287231445,262.9164
0.6011378765106201,203.0701566666667
0.9017252922058105,201.75017333333335
1.2022855281829834,202.67323000000002
1.502871036529541,201.99634999999998
1.8034472465515137,201.38905
2.1040258407592773,199.76003000000003
2.4046120643615723,200.55002333333334
2.7051846981048584,198.91367666666667
3.0057291984558105,199.06931333333333
3.3062827587127686,198.53383333333338
3.6068201065063477,198.99871666666667
3.907557725906372,197.42605
4.20835018157959,198.74847333333335
4.508944034576416,196.72740000000002
4.809500455856323,197.37804
5.110025405883789,196.52720333333335
5.41057562828064,196.99656666666667
5.711105823516846,196.74123666666668
6.0116448402404785,196.13210666666666
6.312191724777222,196.05134
6.612741470336914,196.38519666666667
6.913285970687866,196.43056666666666
7.213803768157959,196.21267666666668
7.514343023300171,195.77179666666666
7.8148815631866455,196.30300333333335
8.115410327911377,196.32375666666667
8.415959119796753,195.40070333333333
8.716473579406738,195.23733333333337
9.017015933990479,196.2122666666667
9.31760549545288,195.85358333333332
9.618170261383057,196.44054000000003
9.918711423873901,196.12356000000003
10.219236373901367,195.67353
10.51978063583374,196.30829666666668
10.82032060623169,195.36937
11.120866060256958,196.50666333333334
11.421440124511719,195.75470333333334
11.721987247467041,195.92357
12.022524356842041,195.79621
12.323041200637817,195.80923333333334
12.623570203781128,196.04381
12.92410397529602,196.00983333333332
13.22467041015625,196.13658333333333
13.525238037109375,213.55475333333337
