Time (s),Package Power (W)
0.3004930019378662,258.20694000000003
0.601276159286499,201.48141999999999
0.9018635749816895,209.94717666666668
1.202413558959961,199.32118333333332
1.5029826164245605,199.22678666666667
1.8035259246826172,198.64817333333332
2.1040992736816406,198.96331666666669
2.4047021865844727,196.52985
2.705284833908081,198.13121
3.0058844089508057,198.50921333333332
3.306457281112671,198.21218
3.607008695602417,197.51963666666668
3.9075591564178467,196.26455333333337
4.208090305328369,196.22569333333334
4.508660554885864,197.39085333333333
4.809388637542725,196.35651333333334
5.109943628311157,197.15993333333336
5.410507440567017,196.68773
5.711066246032715,196.31602333333333
6.011619329452515,197.20754666666667
6.312180995941162,196.27839
6.612744331359863,196.55507666666668
6.913302659988403,196.74449333333334
7.213863134384155,196.39557333333335
7.514420747756958,195.51097333333334
7.81496787071228,196.42548000000002
8.115499019622803,195.88349333333335
8.416043281555176,195.72337666666667
8.71659517288208,196.66717666666668
9.017146110534668,196.14981
9.317693710327148,195.9119766666667
9.618241548538208,196.18683000000001
9.91878604888916,195.92357333333334
10.219341516494751,196.86188333333334
10.519903421401978,197.03542333333334
10.820470333099365,195.71544
