Time (s),GPU 0 Power (W)
0.10018086433410645,52.77
0.2480156421661377,52.18
0.37978172302246094,52.28
0.5264852046966553,52.57
0.6583514213562012,52.18
0.7891755104064941,52.18
0.9190638065338135,52.57
1.050424337387085,52.18
1.1833274364471436,52.18
1.313586950302124,52.38
1.4446346759796143,52.18
1.5742175579071045,52.28
1.7063026428222656,53.28
1.83986234664917,57.2
1.9743402004241943,52.48
2.120466470718384,52.67
2.270928144454956,52.28
2.4029619693756104,61.11
2.5349783897399902,52.67
2.666024923324585,52.28
2.814084529876709,52.38
2.9424197673797607,52.47
3.07381010055542,52.28
3.2022831439971924,52.18
3.3349180221557617,52.57
3.4648334980010986,52.18
3.595961809158325,52.38
3.725612163543701,46.29
3.859499454498291,33.98
3.9955196380615234,33.88
4.129231929779053,33.98
4.302168846130371,33.88
4.453834295272827,34.08
4.585781812667847,33.88
4.717912673950195,33.98
4.849989652633667,34.08
4.9828455448150635,33.98
5.116822957992554,33.88
5.249729633331299,34.27
5.384211540222168,33.88
5.517132997512817,33.87
5.650634288787842,34.27
5.786181211471558,33.88
5.920506477355957,33.88
6.053542852401733,33.88
6.1831443309783936,33.88
6.315995931625366,33.88
6.450071811676025,33.88
6.582035541534424,33.88
6.715884208679199,33.88
6.849436283111572,33.88
6.9826860427856445,33.88
7.1181960105896,33.88
7.25241494178772,33.88
7.386288642883301,33.88
7.520430326461792,33.88
7.6536407470703125,33.88
7.786592245101929,33.88
7.922834157943726,33.88
8.056918144226074,33.88
8.210176706314087,33.88
8.34536862373352,33.98
8.477606534957886,33.78
8.610074520111084,33.88
8.742501258850098,33.78
8.876694202423096,33.98
9.010290384292603,33.88
9.144862174987793,33.88
9.277381658554077,33.98
9.411350011825562,33.78
9.561438798904419,33.88
9.694157600402832,33.88
9.825855016708374,33.88
9.957854986190796,33.88
10.090821981430054,33.88
10.224614381790161,35.06
10.36189079284668,93.43
10.500074625015259,41.37
10.692918539047241,46.79
