Time (s),Package Power (W)
0.30047607421875,259.71165333333335
0.6011514663696289,263.7283733333333
