Time (s),Package Power (W)
0.3004584312438965,259.92649666666665
0.6011571884155273,196.58946333333333
0.9017701148986816,196.48611
1.202348232269287,195.31606666666667
1.5029382705688477,193.84574
1.8035311698913574,193.46752
2.1041183471679688,194.31164
2.4047017097473145,193.142
2.70526385307312,193.33874
3.0058162212371826,193.13813666666667
3.306368112564087,193.23111333333335
3.606940507888794,192.99205999999998
3.9075028896331787,193.03519
4.208083152770996,191.76179666666667
4.508676052093506,191.83585333333335
4.809237718582153,191.12723666666668
5.109811544418335,190.6259366666667
5.410356521606445,190.58280666666667
5.7109198570251465,190.23409
6.011457204818726,190.92500666666666
6.3120129108428955,190.68331
6.612545013427734,190.03348666666668
6.9131019115448,191.64359333333334
7.213656425476074,190.40743333333336
7.514192342758179,192.49788
7.81476092338562,190.80497
8.115328788757324,190.46785666666668
8.41588807106018,190.74597000000003
8.716444492340088,190.53418333333335
9.017001152038574,190.21883
9.317561149597168,190.60050666666666
9.618098735809326,190.22107000000003
9.918634414672852,190.45402
10.219186067581177,190.03430666666668
10.519723892211914,190.41984
10.82028341293335,190.58748333333332
11.120842933654785,189.89657
11.421386241912842,190.83345
11.721938133239746,190.18933333333334
12.022503137588501,190.23348333333334
12.323060035705566,189.09985666666668
12.623640775680542,190.36918333333332
12.924201011657715,191.51989333333333
13.224780797958374,192.71313333333336
13.525343894958496,191.76566
13.825933694839478,191.8549766666667
14.126511812210083,192.14591333333334
14.42708706855774,191.60188666666667
14.727664232254028,191.65905333333333
15.028263330459595,192.1982
15.3288414478302,191.26863333333333
15.629412651062012,191.71602000000001
15.929996252059937,191.80961000000002
16.23055911064148,190.0558666666667
16.531121730804443,189.9985
16.83166217803955,190.75126
17.132216215133667,190.60600000000002
17.432759523391724,190.91259666666667
17.73330545425415,190.36430000000001
18.03383469581604,190.39766333333333
18.334383487701416,190.29146333333335
18.63493037223816,190.47640333333334
18.93544888496399,190.16471333333334
19.235986948013306,190.18221000000003
19.53650403022766,190.01721666666666
19.837050199508667,189.63330333333332
20.13761568069458,189.08541333333332
