Time (s),GPU 0 Power (W)
0.10023665428161621,4.87
0.25408411026000977,4.62
0.42024660110473633,5.0
0.5536696910858154,4.95
0.6847012042999268,4.63
0.8204989433288574,5.49
0.9554846286773682,4.69
1.0903584957122803,4.66
1.2274603843688965,4.96
1.3624801635742188,4.8
1.499262809753418,4.77
1.6494140625,5.15
1.7839076519012451,5.24
1.921339750289917,4.63
2.0788419246673584,4.58
2.2153899669647217,4.92
2.350731611251831,4.61
