Time (s),GPU 0 Power (W)
0.10018086433410645,4.9
0.24803781509399414,4.65
0.3810884952545166,4.9
0.5145430564880371,5.66
0.6501073837280273,4.74
0.7829470634460449,5.25
0.9175221920013428,4.82
1.0553154945373535,4.87
1.1892518997192383,55.24
1.3456127643585205,55.64
1.477409839630127,55.21
1.6096642017364502,55.87
1.7420730590820312,55.95
1.8780157566070557,56.14
2.011937379837036,56.03
2.161872625350952,55.97
2.2968525886535645,55.79
2.4506499767303467,56.42
2.5859978199005127,56.03
2.720036506652832,56.71
2.8759520053863525,56.33
3.0088467597961426,56.19
3.139914035797119,56.25
3.271805763244629,56.1
3.424116849899292,56.27
3.559664249420166,56.21
3.6934456825256348,56.51
3.8520359992980957,56.45
3.9861457347869873,56.26
4.118541240692139,56.86
4.2517290115356445,56.21
4.386082410812378,56.2
4.519166946411133,56.62
4.651874780654907,55.68
4.80539870262146,55.99
4.963659763336182,55.88
5.094684362411499,93.97
5.27276611328125,56.18
5.425389528274536,94.06
5.5581440925598145,56.18
5.690261602401733,79.32
5.823407411575317,55.88
5.9592509269714355,93.79
6.110191106796265,56.04
6.242754936218262,94.2
6.395535945892334,56.2
6.5492331981658936,94.63
6.705233097076416,56.37
6.83854866027832,66.03
6.972301483154297,56.1
7.106586694717407,94.15
7.240461826324463,56.03
7.391531705856323,94.5
7.524138450622559,62.11
7.65775990486145,88.51
7.793394565582275,56.0
7.926077604293823,66.82
8.057938575744629,56.05
8.190556526184082,94.14
8.326213121414185,56.03
8.459631204605103,94.15
8.591067790985107,56.32
8.722964525222778,78.15
8.895372867584229,55.82
9.051992654800415,58.99
9.204480648040771,56.04
9.337681531906128,56.49
9.472740411758423,56.01
9.607019901275635,94.25
9.739229679107666,73.44
9.871041536331177,77.35
10.004629373550415,56.02
10.139086961746216,56.22
10.292166233062744,55.62
10.424412727355957,55.76
10.577127695083618,55.85
10.710948705673218,55.98
