Time (s),GPU 0 Power (W)
0.10018277168273926,4.39
0.2449033260345459,4.59
0.3802921772003174,4.31
0.5111401081085205,5.14
0.6451027393341064,5.53
0.7824311256408691,4.37
0.9174578189849854,4.88
1.0549085140228271,4.69
1.1952197551727295,54.6
1.329369068145752,54.74
1.4642651081085205,56.34
1.6181752681732178,55.56
1.751028060913086,56.12
1.8841333389282227,56.2
2.0195233821868896,56.24
2.152170181274414,56.07
2.3039724826812744,56.26
2.434737205505371,56.05
2.5656113624572754,56.47
2.696485757827759,56.05
2.8282718658447266,56.27
2.960622787475586,56.4
3.0939719676971436,55.87
3.228243589401245,55.54
3.3616344928741455,55.75
3.493271827697754,55.93
3.6444926261901855,55.95
3.795788526535034,55.87
3.927900791168213,55.97
4.0611891746521,55.88
4.195384740829468,56.48
4.328649997711182,56.38
4.46084189414978,56.61
4.592894077301025,55.89
4.726473808288574,93.64
4.886334657669067,56.05
5.030103921890259,55.85
5.1553332805633545,94.1
5.309946775436401,72.23
5.461760759353638,78.19
5.5981175899505615,94.14
5.731135129928589,56.62
5.886228084564209,94.2
6.0410730838775635,56.18
6.174722909927368,59.38
6.338170766830444,56.12
6.4658448696136475,94.18
6.60583233833313,57.5
6.7403883934021,92.27
6.898731231689453,92.12
7.031451225280762,58.12
7.159696340560913,55.74
7.292734861373901,93.84
7.424825429916382,65.39
7.564424276351929,84.88
7.700188398361206,55.89
7.836124420166016,56.33
7.988117456436157,94.44
8.142821550369263,56.03
8.318524360656738,60.15
8.461046695709229,56.03
8.593750715255737,94.22
8.71586561203003,59.78
8.848052024841309,90.33
8.97948431968689,55.88
9.134377241134644,58.1
9.258893489837646,55.96
9.412026166915894,56.15
9.559948921203613,56.0
9.694908380508423,94.17
9.819085597991943,56.3
9.947171449661255,69.86
10.09430742263794,55.94
10.224162101745605,56.08
10.359676599502563,56.16
10.492772579193115,56.12
10.645873546600342,57.28
