Time (s),Core 0 Uncore Frequency (GHz),Core 1 Uncore Frequency (GHz)
0.10018181800842285,2.2,0.8
0.24178361892700195,2.2,0.8
0.3797492980957031,0.8,0.8
0.5125679969787598,0.8,0.8
0.651545524597168,0.8,0.8
0.7838692665100098,0.8,0.8
