Time (s),Core 0 Uncore Frequency (GHz),Core 1 Uncore Frequency (GHz)
0.10017776489257812,2.2,2.2
0.22304368019104004,2.2,2.2
0.36521053314208984,2.2,2.2
