Time (s),Core 0 Uncore Frequency (GHz),Core 1 Uncore Frequency (GHz)
0.10018420219421387,2.2,2.2
20.26135516166687,2.2,2.2
40.424947023391724,2.2,2.2
60.58905243873596,2.2,2.2
80.75281882286072,2.1,2.1
100.91601371765137,2.1,2.1
