Time (s),Core 0 Uncore Frequency (GHz),Core 1 Uncore Frequency (GHz)
0.1001889705657959,2.0,2.0
20.263659715652466,2.2,2.2
40.426541566848755,2.2,2.2
60.5895631313324,2.2,2.2
80.75282216072083,2.1,2.1
100.91661643981934,2.1,2.1
121.08004069328308,2.0,2.0
