Time (s),Core 0 Uncore Frequency (GHz),Core 1 Uncore Frequency (GHz)
0.1001746654510498,0.8,0.8
0.23249340057373047,0.8,0.8
0.37308812141418457,0.8,0.8
0.5107018947601318,0.8,0.8
0.6474101543426514,0.8,0.8
0.7784669399261475,0.8,0.8
0.909714937210083,2.2,0.8
1.0510616302490234,2.2,0.8
1.2849090099334717,2.2,0.8
