Time (s),Core 0 Uncore Frequency (GHz),Core 1 Uncore Frequency (GHz)
0.10018038749694824,2.2,2.2
20.262178897857666,2.2,2.2
40.426175117492676,2.2,2.2
60.58697462081909,2.2,2.2
80.75006055831909,2.2,2.2
100.91729831695557,2.2,2.2
121.08294558525085,2.1,2.1
