Time (s),Core 0 Uncore Frequency (GHz),Core 1 Uncore Frequency (GHz)
0.10021591186523438,0.8,0.8
0.24435162544250488,0.8,0.8
0.38948941230773926,0.8,0.8
0.5371627807617188,0.8,0.8
0.6852908134460449,0.8,0.8
0.833693265914917,0.8,0.8
