Time (s),GPU 0 Power (W)
0.4005255699157715,63.37
0.8317379951477051,63.18
1.2708017826080322,63.38
1.7029666900634766,64.92
2.1354353427886963,63.18
2.5676891803741455,63.28
2.9994401931762695,63.28
3.43217396736145,63.37
3.863609552383423,63.28
4.296452760696411,63.28
4.729663610458374,63.28
5.163111448287964,63.28
5.595001459121704,63.18
6.027088642120361,63.28
6.460763931274414,63.18
6.8936707973480225,63.18
7.325843095779419,63.58
7.761016607284546,63.28
8.195124626159668,63.18
8.628067016601562,63.28
9.059667587280273,63.28
9.492778778076172,63.18
9.925659418106079,63.28
10.358210325241089,63.28
10.790793895721436,63.18
11.224354028701782,63.28
11.655723094940186,63.18
12.089151620864868,63.28
12.522407054901123,63.28
12.95487380027771,63.67
13.389481782913208,63.18
13.82329773902893,63.28
14.25756287574768,63.18
14.689305067062378,63.08
15.123469591140747,63.18
15.555690050125122,63.18
15.987962245941162,63.08
16.42236042022705,63.08
16.85520625114441,63.08
17.29089879989624,63.18
17.718929290771484,63.18
18.15274930000305,63.18
18.58431386947632,63.28
19.01691484451294,63.08
19.451462984085083,63.18
19.884346961975098,64.06
20.31800127029419,64.91
20.75205421447754,65.02
21.1869056224823,172.33
21.62109923362732,65.58
22.057077407836914,63.07
22.49117684364319,63.18
22.92095446586609,63.18
23.354666233062744,63.08
23.788071155548096,62.51
