Time (s),Package Power (W)
0.10998320579528809,185.74902999999998
0.21065974235534668,211.85431999999997
0.3113393783569336,236.99097
0.41204357147216797,238.75855
0.5127735137939453,237.64893
0.6134052276611328,238.29529
0.7140133380889893,238.62487000000002
0.8146424293518066,237.44812000000002
0.9152438640594482,238.38012999999998
1.0158755779266357,236.69066999999998
1.1166000366210938,238.77259
1.2172131538391113,237.17711999999997
1.317812442779541,238.53089
1.4184238910675049,238.45337
1.519019365310669,237.64282
1.6196417808532715,238.42773
1.7202470302581787,237.49634999999998
1.8208732604980469,238.25438999999997
1.9214601516723633,237.42919999999998
2.0220742225646973,238.22999
2.122767210006714,238.22020999999998
2.22337007522583,236.97449999999998
2.3239707946777344,237.13927999999999
2.424572229385376,237.95777
2.525160312652588,236.74194
2.6256635189056396,232.71180999999999
2.726223945617676,137.69374
2.826918125152588,87.42896999999999
