Time (s),Package Power (W)
0.11241698265075684,189.19812999999996
0.21279263496398926,179.26772
0.3134801387786865,182.74489000000003
0.4141652584075928,180.97122
0.5145435333251953,149.20189
0.628692626953125,229.42324
0.7298421859741211,213.57549999999998
0.8306083679199219,219.17547
0.9313292503356934,212.44879
1.0321261882781982,210.71357999999998
1.132631540298462,87.12136000000001
