Time (s),Package Power (W)
0.1138906478881836,209.24568
0.21495437622070312,227.64894999999999
0.3160746097564697,222.0136
0.4177274703979492,230.69153999999997
0.5185282230377197,216.19635000000002
0.6191356182098389,227.45364
0.7197229862213135,230.07205
0.8208622932434082,230.13673
0.9222509860992432,233.82568999999998
1.0234947204589844,231.09255999999996
1.1248462200164795,228.51442999999998
1.2265746593475342,230.813
1.3281636238098145,233.96059
1.4297370910644531,233.40699
1.5311791896820068,229.39577
1.6326305866241455,233.76345
1.7337830066680908,229.19191999999998
1.8350400924682617,231.97755
1.9356451034545898,227.56900000000002
2.0362389087677,198.6146
2.137899398803711,231.07667999999995
2.239501476287842,233.20924999999997
2.3410608768463135,228.92212999999998
2.4426167011260986,233.75000999999997
2.544154167175293,230.34548
2.6457297801971436,233.63160999999997
2.7472338676452637,229.80471
2.8487045764923096,233.64442
2.9498276710510254,230.78493
3.0509941577911377,184.88599999999997
3.151557207107544,228.73233
3.253612518310547,232.94007999999997
3.3554394245147705,231.19019999999998
3.457247018814087,234.01307000000003
3.558793306350708,230.65615
3.6603505611419678,233.32521
3.761867046356201,229.6448
3.863430976867676,233.83606999999998
3.964928150177002,231.23842
4.066427230834961,225.17642
4.1677751541137695,164.53082999999998
4.268593788146973,229.13333
4.36998176574707,232.53114
4.47071647644043,230.29482000000002
4.5720374584198,200.32235999999997
4.672678709030151,96.88331
4.773484706878662,84.61403
