Time (s),Package Power (W)
0.10033369064331055,106.3663
0.20076751708984375,108.85593
0.3011341094970703,102.39475999999999
0.40149593353271484,103.89621999999999
0.5018444061279297,105.43063
0.6021730899810791,100.90185000000001
0.7025682926177979,99.72201999999999
0.8029289245605469,99.91551999999999
0.9032535552978516,99.45776
1.003570556640625,100.3452
1.1039083003997803,99.28441
1.204256296157837,99.43822999999999
1.3045668601989746,100.36044999999999
1.4048817157745361,99.84410999999999
1.505216121673584,99.68723999999999
1.6055123805999756,100.17309
1.7058477401733398,99.59325
1.8061809539794922,100.02171999999999
1.906508445739746,99.84531999999999
2.0068347454071045,99.94969999999999
2.1071510314941406,100.53014
2.2074923515319824,99.12693999999999
2.3078224658966064,99.95885000000001
2.40816593170166,100.72300999999999
2.508484125137329,99.36437000000001
2.60880708694458,100.09128999999999
2.7091240882873535,100.39097999999998
2.8095033168792725,99.40464999999999
2.9098665714263916,99.65489999999998
3.01019287109375,100.31163
3.1104917526245117,99.72631
3.210819721221924,99.22582999999999
3.3111298084259033,100.36899
3.411449432373047,99.78124000000001
3.5117764472961426,100.44469
3.6120734214782715,100.00523999999999
3.712395191192627,99.88927999999999
3.812734603881836,99.81541
3.9130783081054688,99.49010999999999
4.013389825820923,100.01132999999999
4.113709926605225,100.09802
4.214035987854004,99.60544999999999
4.31435751914978,99.82945999999998
4.41467547416687,99.98388
4.51500678062439,100.17308
4.615346670150757,98.04845
4.715731382369995,96.74658000000001
4.816063404083252,99.60789999999999
4.916377067565918,100.25425999999999
5.016693115234375,100.87559
5.117020606994629,101.90526
5.217338562011719,101.49204999999999
5.31768798828125,101.60618
5.418012619018555,101.90039
5.518361806869507,101.62693
5.6186699867248535,102.03038
5.719008922576904,101.36447999999999
5.819338321685791,101.71177999999999
5.919667720794678,100.8585
6.019965887069702,101.89243999999998
6.120276212692261,101.1411
6.22061014175415,99.41013999999998
6.320947647094727,100.89025
6.421271324157715,98.28953999999999
6.521569013595581,104.63597
