Time (s),Package Power (W)
0.10028386116027832,357.87812
0.20090842247009277,222.93887999999998
0.30150508880615234,139.6084
0.4019472599029541,117.0157
0.5024008750915527,115.72786
0.6027994155883789,121.97538999999999
0.7031831741333008,108.13020999999999
0.8036108016967773,99.58593
0.9042348861694336,99.33569
1.0046117305755615,95.86949999999999
1.105006217956543,96.77588
1.2054007053375244,95.54905999999998
1.3059654235839844,95.91528999999998
1.4063963890075684,95.84630999999999
1.5067625045776367,96.25097999999998
1.6071484088897705,96.3352
1.707615613937378,95.63818
1.8080127239227295,94.59510000000002
1.9083738327026367,125.36161
2.0087127685546875,120.58623999999999
2.1092371940612793,187.77235
2.209742546081543,195.70810999999998
2.3103928565979004,194.68639
2.4108400344848633,194.17492
2.511460781097412,194.16942999999998
2.6119120121002197,193.43578999999997
2.712333917617798,192.25231
2.8127760887145996,190.98035000000002
2.9133830070495605,189.39647999999997
3.0138022899627686,191.09327
3.1142385005950928,189.6803
3.2146553993225098,190.99621
3.3151843547821045,190.0636
3.415600299835205,190.9541
3.5160281658172607,189.68823999999998
3.6164422035217285,188.29479999999998
3.7168500423431396,186.44179
3.8172402381896973,187.25476
3.917646646499634,185.55678
4.01817774772644,187.31032
4.11885666847229,282.18982
4.219314813613892,286.36400999999995
4.319682359695435,286.40491
4.420058488845825,219.63810999999998
4.520517587661743,190.62145999999998
4.620928764343262,118.43536999999999
4.721420049667358,107.43502
4.8218653202056885,102.26903
4.922253131866455,104.02867
5.022688388824463,111.58356999999998
5.123093128204346,183.97781
5.223456144332886,180.99195999999998
5.323991775512695,177.05277
5.424428224563599,168.91619999999998
5.524967432022095,96.76671999999999
5.6253767013549805,98.36278
5.725796461105347,96.99194
5.826248407363892,105.38851999999999
5.9267168045043945,178.7764
6.027143955230713,179.85671
6.127565145492554,181.04202
6.227977514266968,177.01554000000002
6.328550100326538,186.78114
