Time (s),Package Power (W)
0.10025930404663086,328.76075
