Time (s),Package Power (W)
0.10025978088378906,329.64759999999995
0.2008049488067627,251.28109
0.30138468742370605,215.52984
0.40184974670410156,206.83845999999997
0.502213716506958,240.224
0.6026275157928467,413.4517
0.7031404972076416,165.95171999999997
0.8036882877349854,101.23632
0.9041256904602051,100.66013
1.0045289993286133,100.21398
1.1049103736877441,100.90185
1.2052879333496094,100.88535
1.3056786060333252,98.26146999999999
1.4060511589050293,99.36194
1.5064623355865479,119.19646
1.6068167686462402,179.00651
1.707181692123413,179.62417000000002
1.8075361251831055,177.90359999999998
1.9079077243804932,180.91140000000001
2.008251667022705,178.60914999999997
2.108578681945801,178.26005
2.2089171409606934,177.74551000000002
2.30924654006958,177.55021
2.4095795154571533,180.83328
2.5099687576293945,207.69295
2.610208749771118,205.37788999999998
2.710597276687622,190.02392
2.8110530376434326,189.29639
2.9115848541259766,192.81019
3.0121028423309326,185.55799
3.1125576496124268,184.27259999999998
3.213003635406494,177.77419999999998
3.3135008811950684,130.01309999999998
