Time (s),Package Power (W)
0.10014200210571289,290.49609000000004
0.20038342475891113,238.09691999999998
0.30065488815307617,202.85775999999998
0.4009132385253906,191.50463000000002
0.5011684894561768,196.01206999999997
0.6014008522033691,198.81175
0.7016496658325195,157.11325
0.8019516468048096,127.82194
0.9022247791290283,179.73219999999998
1.0024797916412354,180.11001
1.102846384048462,179.86464999999998
1.2032520771026611,157.02658
1.3036489486694336,99.81908
1.4041461944580078,126.67142999999999
1.504474401473999,181.69997999999998
1.604827880859375,182.41652000000002
1.7052040100097656,182.51112999999998
1.8056654930114746,180.64467999999997
1.9060373306274414,180.86074
2.00649094581604,181.00478999999999
2.106952667236328,180.19728999999998
2.2073280811309814,180.62575999999999
2.3076953887939453,181.18116999999998
2.408022403717041,179.63333999999998
2.5083744525909424,180.40725
2.6088168621063232,180.30594
2.709185838699341,181.631
2.8095483779907227,179.76272999999998
2.9098777770996094,180.11426999999998
3.010200262069702,179.92936
3.11055850982666,179.82253999999998
3.2108993530273438,179.91347999999996
3.311246156692505,181.36609999999996
3.411590099334717,178.96377999999999
3.5119094848632812,182.46414000000001
3.6122541427612305,180.74844
3.7125918865203857,179.55154
3.812940835952759,180.12037999999998
3.913288116455078,180.87662
4.013625144958496,180.51161999999997
4.113980293273926,177.38846
4.214311838150024,178.17765
4.314645290374756,148.45055
4.4151411056518555,142.69799999999998
4.5155322551727295,192.57213
4.615876913070679,191.46008
4.716230154037476,191.51135
4.816611289978027,191.50342
4.917140007019043,186.40944
5.017608880996704,144.13597
5.118013381958008,99.95214
5.218376636505127,98.88463999999999
5.318744659423828,97.28918
