Time (s),GPU 0 Power (W)
0.10019397735595703,31.7
0.23675298690795898,31.71
0.3708348274230957,31.6
0.509697437286377,31.6
0.6459321975708008,31.6
0.780207633972168,31.6
0.9536683559417725,31.7
1.0886945724487305,31.6
1.2420551776885986,31.6
1.3758106231689453,31.8
1.5142498016357422,31.61
1.6485776901245117,31.6
1.7834300994873047,31.6
1.9375123977661133,31.7
2.073997974395752,31.8
2.2086689472198486,31.6
2.3436648845672607,31.7
2.481771945953369,31.7
2.6171915531158447,31.6
2.7519583702087402,31.6
2.909705877304077,31.6
3.044001817703247,31.7
3.2019004821777344,31.7
3.3586199283599854,31.51
3.4950668811798096,31.6
3.6308271884918213,31.7
3.7668654918670654,31.6
3.9081056118011475,34.67
4.048419713973999,34.56
4.1831278800964355,36.03
4.318822860717773,35.64
4.451000928878784,53.07
4.622443437576294,78.2
4.754724740982056,254.01
4.884835720062256,51.39
5.015065908432007,55.03
