Time (s),GPU 0 Power (W)
0.10019659996032715,31.8
0.25592684745788574,31.8
0.42624974250793457,31.8
0.6012365818023682,31.51
0.7554013729095459,31.8
0.9064028263092041,31.8
1.044353723526001,31.8
1.2067983150482178,31.7
1.360473871231079,31.71
1.4951152801513672,31.7
1.6310734748840332,31.7
1.7650883197784424,31.8
1.9000608921051025,31.61
2.056567907333374,31.7
2.208372116088867,31.91
2.344111204147339,31.51
2.516342878341675,31.8
2.6856565475463867,31.8
2.8182990550994873,31.8
2.9504740238189697,31.8
3.091226816177368,31.8
3.2228400707244873,31.71
3.3773415088653564,31.8
3.5115983486175537,31.7
3.6428849697113037,31.71
3.774684190750122,31.51
3.9176316261291504,34.47
4.075334310531616,33.88
4.249935865402222,35.06
4.403712034225464,52.38
4.535165786743164,53.18
4.663207292556763,251.67
4.812698602676392,252.95
4.944812774658203,55.03
5.124871015548706,54.53
