Time (s),Package Power (W)
0.10031557083129883,235.46448999999998
0.20079493522644043,164.51006999999998
0.30126309394836426,123.31817000000001
0.4018409252166748,112.56501
0.502244234085083,117.14693
0.6026129722595215,120.66984999999998
0.7029988765716553,107.33492999999999
0.8035542964935303,101.489
0.9040694236755371,101.85887000000001
1.0044496059417725,101.38219
1.1048226356506348,100.64975999999999
1.2052006721496582,100.81821999999998
1.305595874786377,99.68481
1.4060180187225342,117.4997
1.5064210891723633,181.6841
1.6068260669708252,181.52481
1.7072064876556396,180.51588999999998
1.8075969219207764,182.7919
1.9079630374908447,181.31665999999998
2.008347749710083,181.06276999999997
2.108725070953369,181.02555
2.2091219425201416,181.91603
2.3095104694366455,180.11856
2.409862518310547,182.48977
2.5102310180664062,181.14882
2.610581874847412,180.48904
2.710956573486328,181.85255999999998
2.811354160308838,180.16983
2.9117276668548584,180.65079
3.0120975971221924,181.53151
3.112464666366577,184.15176000000002
3.212798833847046,180.33521999999996
3.3131778240203857,180.77041
3.413547992706299,181.78908999999996
3.513917922973633,180.91568
3.614288806915283,181.20436999999998
3.7146589756011963,181.95326999999997
3.8150439262390137,182.11256999999998
3.915419816970825,181.27944
4.015788316726685,179.65469
4.116154670715332,178.57316
4.216521263122559,153.16061
4.3172032833099365,101.83506999999999
4.417696714401245,129.39115
4.518258810043335,191.40514
4.618687868118286,192.65576
4.719113349914551,193.40160999999998
4.819536447525024,193.08299999999997
4.919925928115845,186.21656000000002
5.02030611038208,154.48386
5.120917558670044,102.15367
5.221327304840088,100.11510000000001
5.321725130081177,98.05882999999999
