Time (s),Package Power (W)
0.11263895034790039,568.9408
0.21364355087280273,541.91085
0.31417059898376465,554.95097
0.41471123695373535,541.11678
0.5158066749572754,549.1911
0.6162023544311523,542.09944
0.7167046070098877,548.9176699999999
0.8177840709686279,546.99566
0.91815185546875,523.72119
1.0187420845031738,565.6748299999999
1.1193313598632812,538.56918
1.2199342250823975,530.5509999999999
1.3203697204589844,562.86966
1.4208438396453857,543.9640599999999
1.5214054584503174,528.97142
1.6228623390197754,567.74758
1.723332166671753,512.06534
1.8239030838012695,550.51311
1.9252231121063232,549.6543599999999
2.0256922245025635,533.65464
2.126253843307495,550.05718
2.2275266647338867,555.52531
2.32804536819458,524.1697999999999
2.4285647869110107,560.1285799999999
2.5301666259765625,543.6613199999999
2.630624532699585,537.2648599999999
2.7312097549438477,558.6631199999999
2.8320529460906982,524.57569
2.93255877494812,541.46162
3.0336458683013916,557.2465
3.134129047393799,542.7415299999999
3.2346811294555664,535.2726799999999
3.3361587524414062,561.4792699999999
3.4367692470550537,545.6004199999999
3.5373668670654297,537.2538599999999
3.637981414794922,553.3683399999999
3.738399028778076,524.09534
3.8388733863830566,548.2059999999999
3.9393787384033203,539.9241499999999
4.039870738983154,536.4006
4.140346050262451,545.6431399999999
4.240830898284912,539.44259
4.341259241104126,546.0612199999999
4.441710472106934,529.34984
4.542284727096558,536.81564
4.643618583679199,569.55421
4.74510383605957,546.32917
4.845604419708252,522.4834099999999
4.946243047714233,563.2376899999999
5.046806573867798,475.81665
5.148250341415405,510.53213999999997
5.248599529266357,494.73201
5.349070310592651,506.73882
5.4494757652282715,484.5904299999999
5.549976110458374,487.48349
5.650968790054321,472.84547000000003
5.751900672912598,514.28274
5.85232949256897,489.27548
5.952614068984985,494.75155
6.053060054779053,485.56577000000004
6.154260873794556,493.34834
6.255636930465698,456.91594999999995
6.356772184371948,475.19897999999995
6.457127094268799,467.04897
6.557496786117554,461.85429
6.657959938049316,498.53631999999993
6.758422374725342,467.7697999999999
6.858909845352173,479.49888999999996
6.959615468978882,426.7317
7.0600690841674805,381.60791
7.160586595535278,182.75404999999998
