Time (s),IPC
0.0,1.04
0.2,2.26
0.4,2.26
0.6000000000000001,2.28
0.8,2.65
1.0,2.64
1.2000000000000002,2.66
1.4000000000000001,2.65
1.6,2.65
1.8,2.65
2.0,2.65
2.2,2.65
2.4000000000000004,2.65
2.6,2.66
2.8000000000000003,2.65
3.0,2.66
3.2,2.65
3.4000000000000004,2.66
3.6,2.65
3.8000000000000003,2.66
4.0,2.66
4.2,2.66
4.4,2.65
4.6000000000000005,2.65
4.800000000000001,1.4
