Time (s),IPC
0.0,1.36
0.2,3.05
0.4,2.39
0.6000000000000001,2.39
0.8,2.4
1.0,2.41
1.2000000000000002,2.41
1.4000000000000001,2.4
1.6,2.4
1.8,2.4
2.0,2.4
2.2,2.41
2.4000000000000004,2.4
2.6,2.4
2.8000000000000003,2.4
3.0,2.52
3.2,2.89
3.4000000000000004,2.88
3.6,2.88
3.8000000000000003,2.9
4.0,1.27
