Time (s),IPC
0.0,0.72
0.2,2.35
0.4,1.55
0.6000000000000001,0.83
0.8,0.85
1.0,0.91
1.2000000000000002,0.93
1.4000000000000001,0.81
1.6,1.4
