Time (s),Core 0 Uncore Frequency (GHz),Core 1 Uncore Frequency (GHz)
0.10020303726196289,2.2,2.2
20.261046171188354,2.2,2.2
40.42342948913574,2.2,2.2
60.58659648895264,2.2,2.2
80.74340081214905,2.1,2.1
100.90570902824402,2.1,2.1
121.06763482093811,2.0,2.0
