Time (s),Core 0 Uncore Frequency (GHz),Core 1 Uncore Frequency (GHz)
0.10019493103027344,1.8,1.8
20.265098810195923,2.2,2.2
