Time (s),Core 0 Uncore Frequency (GHz),Core 1 Uncore Frequency (GHz)
0.3003816604614258,2.2,2.2
0.6322667598724365,2.2,2.2
0.9602344036102295,2.2,2.2
1.2949650287628174,2.2,2.2
1.6261231899261475,2.2,2.2
1.957364559173584,2.2,2.2
2.28774356842041,2.2,2.2
2.621634006500244,2.2,2.2
2.9500794410705566,2.2,2.2
3.2855772972106934,2.2,2.2
3.62157940864563,2.2,2.2
3.952226400375366,2.2,2.2
