Time (s),Core 0 Uncore Frequency (GHz),Core 1 Uncore Frequency (GHz)
0.30041956901550293,0.8,0.8
0.632174015045166,0.8,0.8
0.9657120704650879,2.2,2.2
1.2991807460784912,2.2,2.2
1.6313810348510742,2.2,2.2
1.9662301540374756,0.8,0.8
2.308403968811035,0.8,0.8
2.638735055923462,2.2,2.2
2.9677083492279053,2.2,2.2
3.302682876586914,0.8,0.8
