Time (s),Core 0 Uncore Frequency (GHz),Core 1 Uncore Frequency (GHz)
0.30039072036743164,2.2,2.2
0.6304223537445068,2.2,2.2
0.960315465927124,2.2,2.2
1.2914912700653076,2.2,2.2
1.6290297508239746,2.2,2.2
1.9588768482208252,2.2,2.2
2.2947139739990234,2.2,2.2
2.6309893131256104,2.2,2.2
