Time (s),Core 0 Uncore Frequency (GHz),Core 1 Uncore Frequency (GHz)
0.30036449432373047,2.2,2.2
0.6307797431945801,2.2,2.2
0.9630091190338135,2.2,2.2
1.291792631149292,2.2,2.2
1.6243212223052979,2.2,2.2
1.954833745956421,0.8,2.2
2.2852120399475098,2.2,2.2
2.6198270320892334,2.2,2.2
2.9549953937530518,0.8,0.8
3.290332078933716,2.2,2.2
3.625162363052368,2.2,2.2
3.9547624588012695,2.2,2.2
4.286644697189331,0.8,0.8
4.618932485580444,0.8,0.8
