Time (s),Core 0 Uncore Frequency (GHz),Core 1 Uncore Frequency (GHz)
0.30037760734558105,2.2,2.2
0.6333680152893066,2.2,2.2
0.958789587020874,2.2,2.2
1.2903306484222412,2.2,2.2
1.6288654804229736,2.2,2.2
1.9631338119506836,2.2,2.2
2.292947769165039,2.2,2.2
2.626335382461548,2.2,2.2
2.960268497467041,2.2,2.2
3.29657244682312,2.2,2.2
3.627091407775879,2.2,2.2
