Time (s),Core 0 Uncore Frequency (GHz),Core 1 Uncore Frequency (GHz)
0.30037951469421387,2.2,2.2
0.6360716819763184,2.2,2.2
0.9639668464660645,2.2,2.2
1.2968604564666748,2.2,2.2
1.6295602321624756,2.2,2.2
1.963926076889038,2.2,2.2
2.3001112937927246,2.2,2.2
2.6331419944763184,2.2,2.2
2.9675841331481934,2.2,2.2
3.3009469509124756,2.2,2.2
3.6338658332824707,2.2,2.2
3.965285539627075,2.2,2.2
