Time (s),Core 0 Uncore Frequency (GHz),Core 1 Uncore Frequency (GHz)
0.3004136085510254,0.8,0.8
0.637169361114502,0.8,0.8
0.9738767147064209,0.8,0.8
1.3109486103057861,2.2,2.2
1.6408917903900146,2.2,2.2
1.9736366271972656,2.2,2.2
2.306558132171631,2.2,2.2
2.639683246612549,0.8,0.8
2.977391242980957,0.8,0.8
