Time (s),Core 0 Uncore Frequency (GHz),Core 1 Uncore Frequency (GHz)
0.30049753189086914,0.8,0.8
0.6323390007019043,0.8,0.8
0.969571590423584,0.8,0.8
1.3048810958862305,0.8,0.8
1.6396584510803223,0.8,0.8
1.975799560546875,0.8,0.8
2.3088650703430176,0.8,0.8
2.643252372741699,0.8,0.8
2.9769699573516846,0.8,0.8
3.3086330890655518,0.8,0.8
3.6469058990478516,0.8,0.8
3.9855194091796875,0.8,0.8
4.31925892829895,0.8,0.8
