Time (s),Core 0 Uncore Frequency (GHz),Core 1 Uncore Frequency (GHz)
0.3004186153411865,0.8,0.8
0.6321883201599121,0.8,0.8
0.960155725479126,0.8,0.8
1.295844554901123,0.8,0.8
1.6359641551971436,2.2,0.8
1.9734678268432617,0.8,0.8
2.311384677886963,0.8,0.8
2.6480143070220947,2.2,0.8
2.9800314903259277,2.2,0.8
3.3089847564697266,0.8,0.8
