Time (s),Core 0 Uncore Frequency (GHz),Core 1 Uncore Frequency (GHz)
0.30042028427124023,0.8,0.8
0.6390976905822754,0.8,0.8
0.9757905006408691,0.8,0.8
1.3113398551940918,0.8,0.8
1.6516342163085938,0.8,0.8
1.9857177734375,0.8,0.8
2.31343150138855,0.8,0.8
2.648141860961914,0.8,0.8
2.984168767929077,0.8,0.8
3.321093797683716,0.8,0.8
3.6554365158081055,0.8,0.8
3.9955620765686035,0.8,0.8
4.3313868045806885,0.8,0.8
4.666955232620239,0.8,0.8
5.002567291259766,0.8,0.8
5.332050561904907,0.8,0.8
5.666871070861816,0.8,0.8
6.002177953720093,0.8,0.8
6.335202217102051,0.8,0.8
