Time (s),Core 0 Uncore Frequency (GHz),Core 1 Uncore Frequency (GHz)
0.30042123794555664,0.8,0.8
0.644756555557251,0.8,0.8
0.9798860549926758,0.8,0.8
1.3202054500579834,0.8,0.8
1.6541125774383545,0.8,0.8
1.9897527694702148,0.8,0.8
2.3277981281280518,0.8,0.8
2.662184238433838,0.8,0.8
2.999983310699463,0.8,0.8
3.3338751792907715,0.8,0.8
3.6698191165924072,0.8,0.8
4.004969835281372,0.8,0.8
4.341371774673462,0.8,0.8
4.674466609954834,0.8,0.8
5.008435010910034,0.8,0.8
5.344298362731934,0.8,0.8
5.682991027832031,0.8,0.8
6.018101215362549,0.8,0.8
6.354706287384033,0.8,0.8
6.690372467041016,0.8,0.8
7.032104969024658,2.2,2.2
