Time (s),Core 0 Uncore Frequency (GHz),Core 1 Uncore Frequency (GHz)
0.300412654876709,2.2,0.8
0.6352276802062988,2.2,0.8
0.9681165218353271,2.2,0.8
1.3038365840911865,2.2,0.8
1.643728256225586,2.2,0.8
1.9832463264465332,2.2,0.8
2.3162755966186523,2.2,0.8
2.6536459922790527,2.2,0.8
