Time (s),Core 0 Uncore Frequency (GHz),Core 1 Uncore Frequency (GHz)
0.3004038333892822,2.2,0.8
0.6368880271911621,2.2,0.8
0.9746301174163818,2.2,0.8
1.3142611980438232,2.2,0.8
1.648733377456665,2.2,0.8
1.9836037158966064,2.2,0.8
2.3174169063568115,2.2,0.8
2.6540257930755615,2.2,0.8
2.9887378215789795,2.2,2.2
