Time (s),Core 0 Uncore Frequency (GHz),Core 1 Uncore Frequency (GHz)
0.3003866672515869,2.2,2.2
0.6372060775756836,2.2,2.2
0.9713015556335449,2.2,2.2
1.3075695037841797,2.2,2.2
1.6411194801330566,2.2,2.2
1.972593069076538,2.2,2.2
2.3049111366271973,2.2,2.2
2.640488386154175,2.2,2.2
2.972235918045044,2.2,2.2
3.3056840896606445,2.2,2.2
3.6386008262634277,2.2,2.2
3.9718174934387207,2.2,2.2
4.305213451385498,2.2,2.2
