Time (s),Core 0 Uncore Frequency (GHz),Core 1 Uncore Frequency (GHz)
0.3003861904144287,2.2,2.2
0.630591869354248,2.2,2.2
0.9636764526367188,2.2,2.2
1.2963063716888428,2.2,2.2
1.6271800994873047,2.2,2.2
1.9602720737457275,2.2,2.2
2.291415214538574,2.2,2.2
2.622514486312866,2.2,2.2
2.957726240158081,2.2,2.2
