Time (s),Core 0 Uncore Frequency (GHz),Core 1 Uncore Frequency (GHz)
0.3004169464111328,2.2,0.8
0.6412584781646729,2.2,0.8
0.9789063930511475,2.2,0.8
1.3159372806549072,2.2,0.8
1.6482617855072021,2.2,0.8
1.983428716659546,2.2,0.8
2.3165130615234375,2.2,0.8
2.6549904346466064,2.2,0.8
2.994170665740967,2.2,0.8
3.3285722732543945,2.2,0.8
3.665466070175171,2.2,0.8
4.002752304077148,2.2,0.8
4.33879017829895,2.2,0.8
