Time (s),Core 0 Uncore Frequency (GHz),Core 1 Uncore Frequency (GHz)
0.3004014492034912,0.8,0.8
0.6384055614471436,0.8,0.8
0.9737856388092041,0.8,0.8
1.3130698204040527,0.8,0.8
1.6507351398468018,2.2,0.8
1.984299898147583,2.2,0.8
2.3186841011047363,2.2,0.8
2.6551766395568848,0.8,0.8
2.991564989089966,0.8,0.8
3.3226397037506104,2.2,0.8
3.656740427017212,0.8,0.8
3.9913330078125,0.8,0.8
4.331585645675659,0.8,0.8
4.662398815155029,2.2,0.8
4.999230861663818,0.8,0.8
