Time (s),Core 0 Uncore Frequency (GHz),Core 1 Uncore Frequency (GHz)
0.30037641525268555,2.2,2.2
0.635643482208252,2.2,2.2
0.9666366577148438,2.2,2.2
1.2985472679138184,2.2,2.2
1.6322383880615234,2.2,2.2
1.9653229713439941,2.2,2.2
2.2983174324035645,2.2,2.2
2.6321046352386475,2.2,2.2
2.9664855003356934,2.2,2.2
3.2994914054870605,2.2,2.2
3.6309733390808105,2.2,2.2
3.964134931564331,2.2,2.2
