Time (s),Core 0 Uncore Frequency (GHz),Core 1 Uncore Frequency (GHz)
0.30041027069091797,2.2,0.8
0.6306581497192383,2.2,0.8
0.9638032913208008,2.2,0.8
1.3011283874511719,2.2,0.8
1.638810634613037,2.2,0.8
1.9723148345947266,2.2,0.8
2.307077407836914,2.2,0.8
2.642392873764038,2.2,0.8
2.975679397583008,2.2,0.8
3.3104248046875,2.2,0.8
3.6431474685668945,2.2,0.8
3.9791786670684814,2.2,0.8
4.314694404602051,2.2,2.2
