Time (s),Core 0 Uncore Frequency (GHz),Core 1 Uncore Frequency (GHz)
0.3004131317138672,0.8,0.8
0.6330695152282715,0.8,0.8
0.9699859619140625,0.8,0.8
1.3003311157226562,0.8,0.8
1.6353716850280762,0.8,0.8
1.9709935188293457,0.8,0.8
2.3044676780700684,0.8,0.8
2.639645576477051,0.8,0.8
2.9724855422973633,0.8,0.8
3.3066508769989014,0.8,0.8
3.6381595134735107,0.8,0.8
3.97275447845459,0.8,0.8
4.3090500831604,0.8,0.8
4.6424336433410645,0.8,0.8
4.984391212463379,0.8,0.8
5.318888187408447,0.8,0.8
5.651662588119507,0.8,0.8
5.989474296569824,0.8,0.8
6.3256731033325195,0.8,0.8
6.659212827682495,0.8,0.8
6.993947505950928,2.2,2.2
