Time (s),Core 0 Uncore Frequency (GHz),Core 1 Uncore Frequency (GHz)
0.3004152774810791,0.8,0.8
0.6346590518951416,0.8,0.8
0.961897611618042,0.8,0.8
1.294597864151001,0.8,0.8
1.6266963481903076,0.8,0.8
1.9678025245666504,0.8,0.8
2.3028030395507812,2.2,0.8
2.6336047649383545,2.2,0.8
2.967590570449829,0.8,0.8
3.3024988174438477,0.8,0.8
3.634351968765259,0.8,0.8
3.9668452739715576,0.8,0.8
4.301543235778809,0.8,0.8
4.634309530258179,0.8,0.8
4.969338655471802,0.8,0.8
5.301248073577881,0.8,0.8
5.632331609725952,0.8,0.8
5.9655420780181885,0.8,0.8
6.298365354537964,0.8,0.8
6.634260177612305,0.8,0.8
6.966397047042847,0.8,0.8
7.297882556915283,0.8,0.8
7.629593372344971,0.8,0.8
7.966941595077515,0.8,0.8
8.298453330993652,0.8,0.8
8.629983186721802,0.8,0.8
8.962281227111816,0.8,0.8
9.293970108032227,0.8,0.8
9.62579894065857,0.8,0.8
9.959750175476074,0.8,0.8
10.29573941230774,0.8,0.8
10.631587505340576,0.8,0.8
10.966300010681152,0.8,0.8
11.298377752304077,0.8,0.8
11.63014554977417,0.8,0.8
11.962354183197021,0.8,0.8
12.295094966888428,0.8,0.8
12.630190134048462,0.8,0.8
12.962218046188354,0.8,0.8
13.294201135635376,0.8,0.8
13.625877618789673,0.8,0.8
13.96214747428894,0.8,0.8
