Time (s),Core 0 Uncore Frequency (GHz),Core 1 Uncore Frequency (GHz)
0.3003971576690674,1.8,1.8
0.6883528232574463,1.8,1.8
1.1118624210357666,0.8,0.8
1.5394244194030762,0.8,0.8
1.928360939025879,0.8,0.8
2.3301360607147217,0.8,0.8
2.750519037246704,0.8,0.8
3.146928071975708,0.8,0.8
3.5578196048736572,0.8,0.8
4.0542426109313965,0.8,0.8
4.4542787075042725,0.8,0.8
4.850858449935913,0.8,0.8
5.240998268127441,0.8,0.8
5.643073558807373,0.8,0.8
6.045354604721069,0.8,0.8
6.436338186264038,0.8,0.8
6.825660705566406,0.8,0.8
7.216837406158447,0.8,0.8
7.605476140975952,0.8,0.8
8.002502202987671,0.8,0.8
8.390570402145386,0.8,0.8
8.779248476028442,0.8,0.8
9.281273603439331,0.8,0.8
9.670460939407349,0.8,0.8
10.068976879119873,0.8,0.8
10.466254949569702,0.8,0.8
10.85447907447815,1.8,1.8
