Time (s),Core 0 Uncore Frequency (GHz),Core 1 Uncore Frequency (GHz)
0.10017728805541992,2.2,2.2
0.23044705390930176,2.2,2.2
0.3608088493347168,2.2,2.2
0.48941707611083984,2.2,2.2
0.6119284629821777,2.2,2.2
0.7393181324005127,2.2,2.2
0.8654146194458008,2.2,2.2
0.9924194812774658,2.2,2.2
1.1201567649841309,2.2,2.2
1.2492585182189941,2.2,2.2
1.378791332244873,2.2,2.2
1.5102574825286865,2.2,2.2
1.638657808303833,0.8,0.8
1.773162603378296,0.8,0.8
1.904736042022705,0.8,0.8
2.0279972553253174,0.8,0.8
2.1570684909820557,0.8,0.8
2.287630796432495,0.8,0.8
2.420757532119751,0.8,0.8
2.553518772125244,0.8,0.8
2.682293653488159,0.8,0.8
2.812516450881958,0.8,0.8
2.944262742996216,0.8,0.8
3.0758848190307617,0.8,0.8
3.2041420936584473,0.8,0.8
3.336512327194214,0.8,0.8
3.467280864715576,0.8,0.8
3.596653461456299,0.8,0.8
3.7295260429382324,0.8,0.8
3.8608510494232178,0.8,0.8
3.9903712272644043,0.8,0.8
4.120556592941284,0.8,0.8
4.246433734893799,0.8,0.8
4.382322549819946,0.8,0.8
4.510408639907837,0.8,0.8
4.6411354541778564,0.8,0.8
4.77309513092041,0.8,0.8
4.90370774269104,0.8,0.8
5.03501033782959,0.8,0.8
5.170595645904541,0.8,0.8
5.3017027378082275,0.8,0.8
5.432648658752441,0.8,0.8
5.5661139488220215,0.8,0.8
5.70018744468689,0.8,0.8
5.832978248596191,0.8,0.8
5.961211442947388,0.8,0.8
6.097382068634033,0.8,0.8
6.2294135093688965,0.8,0.8
6.361536264419556,0.8,0.8
6.493158340454102,0.8,0.8
6.622846364974976,0.8,0.8
6.754655122756958,0.8,0.8
6.885205030441284,0.8,0.8
7.016237020492554,0.8,0.8
7.14953088760376,0.8,0.8
7.280679702758789,0.8,0.8
7.413713693618774,0.8,0.8
7.544778347015381,0.8,0.8
7.676807403564453,0.8,0.8
7.805787563323975,0.8,0.8
7.936166048049927,0.8,0.8
8.067498207092285,0.8,0.8
8.196404457092285,0.8,0.8
8.327718734741211,0.8,0.8
8.460735321044922,0.8,0.8
8.595174074172974,0.8,0.8
8.729475736618042,0.8,0.8
8.85752248764038,0.8,0.8
8.98912000656128,0.8,0.8
9.121099710464478,0.8,0.8
9.251840353012085,0.8,0.8
9.383802890777588,0.8,0.8
9.51316237449646,0.8,0.8
9.64356279373169,0.8,0.8
9.772068977355957,0.8,0.8
9.904754638671875,0.8,0.8
10.035216093063354,0.8,0.8
10.1651029586792,0.8,0.8
10.294365644454956,0.8,0.8
10.422417879104614,0.8,0.8
10.559289455413818,0.8,0.8
10.686880826950073,0.8,0.8
10.815939903259277,0.8,0.8
10.947489976882935,2.2,0.8
11.079945087432861,2.2,0.8
