Time (s),Core 0 Uncore Frequency (GHz),Core 1 Uncore Frequency (GHz)
0.30042505264282227,0.8,0.8
0.6300108432769775,0.8,0.8
0.9674503803253174,0.8,0.8
1.3031032085418701,2.2,0.8
1.635516881942749,2.2,0.8
1.9702820777893066,0.8,0.8
2.3054347038269043,0.8,0.8
2.6454484462738037,0.8,0.8
2.980083465576172,0.8,0.8
3.3149213790893555,0.8,0.8
3.6513006687164307,0.8,0.8
3.989152431488037,0.8,0.8
4.328894376754761,0.8,0.8
4.666467189788818,0.8,0.8
5.001997232437134,0.8,0.8
5.341772079467773,0.8,0.8
5.679005146026611,0.8,0.8
6.014086484909058,0.8,0.8
6.35222315788269,0.8,0.8
6.686147928237915,0.8,0.8
7.024310111999512,0.8,0.8
7.353613615036011,0.8,0.8
7.689769268035889,0.8,0.8
8.022706031799316,0.8,0.8
8.356809377670288,0.8,0.8
8.692737579345703,0.8,0.8
9.027414083480835,0.8,0.8
9.365236520767212,0.8,0.8
9.702539920806885,0.8,0.8
10.036330223083496,0.8,0.8
10.377614974975586,0.8,0.8
10.71678876876831,0.8,0.8
11.050782680511475,2.2,0.8
11.390026092529297,0.8,0.8
