Time (s),Core 0 Uncore Frequency (GHz),Core 1 Uncore Frequency (GHz)
0.3004279136657715,0.8,0.8
0.6350955963134766,0.8,0.8
0.9686417579650879,0.8,0.8
1.3006932735443115,0.8,0.8
1.6292166709899902,0.8,0.8
1.9578912258148193,0.8,0.8
2.2887027263641357,0.8,0.8
2.617403507232666,0.8,0.8
2.9457061290740967,0.8,0.8
3.2725424766540527,0.8,0.8
3.604722261428833,0.8,0.8
3.9356961250305176,0.8,0.8
4.267512559890747,0.8,0.8
4.596744060516357,0.8,0.8
4.928433656692505,0.8,0.8
5.281363248825073,0.8,0.8
5.609716892242432,0.8,0.8
5.941910266876221,0.8,0.8
6.272532224655151,0.8,0.8
6.604061603546143,0.8,0.8
6.95205283164978,0.8,0.8
7.281074047088623,0.8,0.8
7.6117329597473145,0.8,0.8
7.9410741329193115,0.8,0.8
8.293806552886963,0.8,0.8
8.621901035308838,0.8,0.8
8.952311277389526,0.8,0.8
9.281141996383667,0.8,0.8
9.609616756439209,0.8,0.8
9.940389633178711,0.8,0.8
10.268537759780884,0.8,0.8
10.596200466156006,0.8,0.8
10.924211502075195,0.8,0.8
11.260443210601807,0.8,0.8
