Time (s),Core 0 Uncore Frequency (GHz),Core 1 Uncore Frequency (GHz)
0.3003816604614258,2.2,2.2
0.6316971778869629,2.2,2.2
0.9634544849395752,2.2,2.2
1.2979683876037598,2.2,2.2
1.6306450366973877,2.2,2.2
1.9647440910339355,2.2,2.2
2.3005006313323975,2.2,2.2
2.639296531677246,2.2,2.2
2.9738211631774902,2.2,2.2
3.3058254718780518,2.2,2.2
3.6416079998016357,2.2,2.2
3.9766788482666016,0.8,0.8
4.311385154724121,0.8,0.8
4.649379014968872,0.8,0.8
4.982712030410767,0.8,0.8
5.321219444274902,0.8,0.8
5.651412010192871,0.8,0.8
5.9879536628723145,0.8,0.8
6.321001768112183,0.8,0.8
6.65641450881958,0.8,0.8
6.990820646286011,0.8,0.8
7.322973728179932,0.8,0.8
7.655478477478027,0.8,0.8
7.993149518966675,0.8,0.8
8.327577352523804,0.8,0.8
8.665117979049683,0.8,0.8
8.998859405517578,0.8,0.8
9.332102298736572,0.8,0.8
9.666860818862915,0.8,0.8
9.996124982833862,0.8,0.8
10.33287787437439,0.8,0.8
10.668057680130005,0.8,0.8
11.005183458328247,0.8,0.8
11.341433048248291,0.8,0.8
11.675065755844116,0.8,0.8
12.013446807861328,0.8,0.8
12.35218596458435,0.8,0.8
12.686176776885986,0.8,0.8
13.025044441223145,0.8,0.8
13.362327098846436,0.8,0.8
13.696251392364502,0.8,0.8
14.030897855758667,0.8,0.8
14.36338472366333,0.8,0.8
14.698416709899902,0.8,0.8
15.027857542037964,0.8,0.8
15.365355730056763,0.8,0.8
15.702627182006836,0.8,0.8
16.037625312805176,0.8,0.8
16.37450909614563,0.8,0.8
16.708220720291138,0.8,0.8
17.042951107025146,0.8,0.8
17.3719265460968,0.8,0.8
17.709184408187866,0.8,0.8
18.043007612228394,0.8,0.8
18.376023054122925,0.8,0.8
18.713116884231567,0.8,0.8
19.04949450492859,0.8,0.8
19.385315895080566,0.8,0.8
19.722283601760864,0.8,0.8
20.057438611984253,0.8,0.8
20.396483659744263,0.8,0.8
20.736475706100464,0.8,0.8
21.07097625732422,0.8,0.8
21.403335332870483,0.8,0.8
21.73866081237793,0.8,0.8
22.072067499160767,0.8,0.8
22.405015230178833,0.8,0.8
22.74129295349121,0.8,0.8
23.07854962348938,0.8,0.8
23.41288709640503,0.8,0.8
23.747080087661743,0.8,0.8
24.082743406295776,0.8,0.8
24.415332794189453,0.8,0.8
24.753471851348877,0.8,0.8
25.08895754814148,0.8,0.8
25.423240661621094,0.8,0.8
25.75613236427307,0.8,0.8
26.090600728988647,1.8,1.8
