Time (s),Core 0 Uncore Frequency (GHz),Core 1 Uncore Frequency (GHz)
0.300412654876709,0.8,0.8
0.6370093822479248,0.8,0.8
0.9669554233551025,0.8,0.8
1.3285551071166992,0.8,0.8
1.6627576351165771,2.2,2.2
1.9957275390625,2.2,2.2
2.3288393020629883,2.2,2.2
2.661206007003784,2.2,2.2
2.9934256076812744,2.2,2.2
3.329042911529541,2.2,2.2
3.66607928276062,0.8,0.8
3.998636245727539,0.8,0.8
4.334172010421753,0.8,0.8
4.667202711105347,0.8,0.8
5.001816987991333,0.8,0.8
5.338454008102417,0.8,0.8
5.676250457763672,0.8,0.8
6.009970426559448,0.8,0.8
6.345239877700806,0.8,0.8
6.681726455688477,0.8,0.8
7.020542144775391,0.8,0.8
7.354453802108765,0.8,0.8
7.689740896224976,0.8,0.8
8.047178745269775,0.8,0.8
8.382272005081177,0.8,0.8
8.719660997390747,0.8,0.8
9.057116985321045,0.8,0.8
9.39303731918335,0.8,0.8
9.729454755783081,0.8,0.8
10.06231164932251,0.8,0.8
10.397477865219116,0.8,0.8
10.732464790344238,0.8,0.8
11.067162036895752,0.8,0.8
11.403254270553589,0.8,0.8
11.739909648895264,0.8,0.8
12.073131084442139,0.8,0.8
12.409125328063965,0.8,0.8
12.74941372871399,0.8,0.8
13.08595323562622,0.8,0.8
13.428113222122192,0.8,0.8
13.762861251831055,0.8,0.8
14.097627878189087,0.8,0.8
14.432366847991943,0.8,0.8
14.771416664123535,0.8,0.8
15.105982065200806,0.8,0.8
15.440478324890137,0.8,0.8
15.776549816131592,0.8,0.8
16.11125683784485,0.8,0.8
16.445751905441284,0.8,0.8
16.780736684799194,0.8,0.8
17.11636734008789,0.8,0.8
17.4521164894104,0.8,0.8
17.79141855239868,0.8,0.8
18.126193523406982,0.8,0.8
18.46076512336731,0.8,0.8
18.796111583709717,0.8,0.8
19.132105588912964,0.8,0.8
19.466115951538086,0.8,0.8
19.795018196105957,0.8,0.8
20.132875442504883,0.8,0.8
20.469668865203857,0.8,0.8
20.802266120910645,0.8,0.8
21.140301942825317,0.8,0.8
21.47389006614685,0.8,0.8
21.80274248123169,0.8,0.8
22.140063762664795,0.8,0.8
22.474257469177246,0.8,0.8
22.809635400772095,0.8,0.8
23.144715309143066,0.8,0.8
23.481382131576538,0.8,0.8
23.81820058822632,0.8,0.8
24.152548789978027,0.8,0.8
24.490514278411865,0.8,0.8
24.824978590011597,0.8,0.8
25.163780450820923,0.8,0.8
25.500337600708008,0.8,0.8
25.836416482925415,0.8,0.8
26.170857906341553,0.8,0.8
