Time (s),Core 0 Uncore Frequency (GHz),Core 1 Uncore Frequency (GHz)
0.30041027069091797,2.2,0.8
0.6418299674987793,2.2,0.8
0.9795951843261719,2.2,0.8
1.3152217864990234,2.2,0.8
1.6533622741699219,2.2,0.8
1.9897596836090088,2.2,0.8
2.3247873783111572,2.2,0.8
2.6616475582122803,2.2,0.8
2.9953575134277344,2.2,0.8
3.3284144401550293,2.2,0.8
3.66524338722229,2.2,0.8
4.002336263656616,0.8,0.8
4.337162494659424,0.8,0.8
4.673186540603638,0.8,0.8
5.010364294052124,0.8,0.8
5.345141887664795,0.8,0.8
5.684160470962524,0.8,0.8
6.0188610553741455,0.8,0.8
6.350664138793945,0.8,0.8
6.691002130508423,0.8,0.8
7.024362564086914,0.8,0.8
7.359436273574829,0.8,0.8
7.698079586029053,0.8,0.8
8.031647682189941,0.8,0.8
8.36905550956726,0.8,0.8
8.706236124038696,0.8,0.8
9.042590379714966,0.8,0.8
9.375054597854614,0.8,0.8
9.707055568695068,0.8,0.8
10.039396047592163,0.8,0.8
10.37491250038147,0.8,0.8
10.7076997756958,0.8,0.8
11.043095588684082,0.8,0.8
11.376229286193848,0.8,0.8
11.713186025619507,0.8,0.8
12.050421953201294,0.8,0.8
12.383593320846558,0.8,0.8
12.718533992767334,0.8,0.8
13.054770708084106,0.8,0.8
13.390613079071045,0.8,0.8
13.728463172912598,0.8,0.8
14.062683582305908,0.8,0.8
14.398632526397705,0.8,0.8
14.731447458267212,0.8,0.8
15.068962812423706,0.8,0.8
15.404265642166138,0.8,0.8
15.741124391555786,0.8,0.8
16.074867010116577,0.8,0.8
16.407490968704224,0.8,0.8
16.742291927337646,0.8,0.8
17.075207948684692,0.8,0.8
17.41069507598877,0.8,0.8
17.74377703666687,0.8,0.8
18.079002618789673,0.8,0.8
18.411033153533936,0.8,0.8
18.74013662338257,0.8,0.8
19.076035261154175,0.8,0.8
19.408979654312134,0.8,0.8
19.742791175842285,0.8,0.8
20.07487154006958,0.8,0.8
20.407262563705444,0.8,0.8
20.74470829963684,0.8,0.8
21.081231355667114,0.8,0.8
21.420478582382202,0.8,0.8
21.757104635238647,0.8,0.8
22.096097469329834,0.8,0.8
22.43196201324463,0.8,0.8
22.768174409866333,0.8,0.8
23.108733415603638,0.8,0.8
23.443663597106934,0.8,0.8
23.78011727333069,0.8,0.8
24.114656448364258,0.8,0.8
24.447572708129883,0.8,0.8
24.783121824264526,0.8,0.8
25.11561393737793,0.8,0.8
25.45111584663391,0.8,0.8
25.785290241241455,0.8,0.8
26.118932723999023,0.8,0.8
26.45190191268921,2.2,2.2
