Time (s),Core 0 Uncore Frequency (GHz),Core 1 Uncore Frequency (GHz)
0.30040931701660156,2.2,0.8
0.6389296054840088,2.2,0.8
0.9737057685852051,0.8,0.8
1.313260555267334,0.8,0.8
1.6498184204101562,2.2,0.8
1.9867093563079834,0.8,0.8
2.3279995918273926,2.2,0.8
2.665382146835327,2.2,0.8
3.005098342895508,2.2,0.8
3.340442419052124,0.8,0.8
3.6760592460632324,0.8,0.8
4.011910676956177,0.8,0.8
4.350525379180908,0.8,0.8
4.684691905975342,0.8,0.8
5.020528554916382,0.8,0.8
5.3551225662231445,2.2,0.8
5.693535327911377,0.8,0.8
6.032944440841675,0.8,0.8
6.367824554443359,0.8,0.8
6.703402519226074,0.8,0.8
7.041385889053345,0.8,0.8
7.374978065490723,2.2,0.8
7.7084174156188965,0.8,0.8
8.045002460479736,0.8,0.8
8.380388498306274,0.8,0.8
8.717026233673096,0.8,0.8
9.052364826202393,0.8,0.8
9.390491247177124,0.8,0.8
9.727343797683716,0.8,0.8
10.065358400344849,0.8,0.8
10.400711059570312,0.8,0.8
10.741957902908325,2.2,0.8
11.078060388565063,0.8,0.8
11.411311388015747,0.8,0.8
11.747031211853027,0.8,0.8
12.080176830291748,0.8,0.8
12.416617631912231,0.8,0.8
12.754722118377686,0.8,0.8
13.084214210510254,2.2,0.8
13.417143821716309,0.8,0.8
13.754495620727539,2.2,0.8
14.085967302322388,2.2,0.8
14.419559001922607,2.2,0.8
14.752759456634521,2.2,0.8
15.086933851242065,2.2,0.8
15.419747114181519,2.2,0.8
15.756183624267578,2.2,0.8
16.091099500656128,2.2,0.8
16.423652410507202,2.2,0.8
16.75881004333496,2.2,0.8
17.09149169921875,2.2,0.8
17.429075241088867,2.2,0.8
17.76896095275879,2.2,0.8
18.10431981086731,2.2,0.8
18.438512086868286,2.2,0.8
18.771597385406494,2.2,0.8
19.108941078186035,2.2,0.8
19.44446086883545,2.2,0.8
19.78246021270752,2.2,0.8
20.120444774627686,2.2,0.8
20.456573963165283,2.2,0.8
20.792375087738037,2.2,0.8
21.127105474472046,2.2,0.8
21.46182370185852,2.2,0.8
21.79867196083069,2.2,0.8
22.13170552253723,2.2,0.8
22.469024658203125,2.2,0.8
22.805419206619263,2.2,0.8
23.13910150527954,2.2,0.8
23.473154306411743,2.2,0.8
23.807639122009277,2.2,0.8
24.14256477355957,2.2,0.8
24.47510814666748,2.2,0.8
24.80849814414978,2.2,0.8
25.146293878555298,2.2,0.8
25.481706142425537,2.2,0.8
25.81566047668457,2.2,0.8
26.150906085968018,2.2,0.8
26.483868837356567,2.2,0.8
26.819276571273804,2.2,0.8
27.154558181762695,2.2,0.8
27.49074649810791,2.2,0.8
27.827895641326904,2.2,2.2
