Time (s),Core 0 Uncore Frequency (GHz),Core 1 Uncore Frequency (GHz)
0.3004026412963867,2.2,0.8
0.6362102031707764,2.2,0.8
0.9698657989501953,2.2,0.8
1.3045599460601807,2.2,0.8
1.6385242938995361,2.2,0.8
1.9810802936553955,2.2,0.8
2.319072961807251,2.2,0.8
2.6529862880706787,2.2,0.8
2.990483283996582,2.2,0.8
3.326738119125366,2.2,0.8
3.6638731956481934,2.2,0.8
3.9970505237579346,2.2,0.8
4.332145690917969,2.2,0.8
4.667960166931152,2.2,0.8
5.001325845718384,2.2,0.8
5.336063623428345,2.2,0.8
5.668954610824585,2.2,0.8
6.0038533210754395,2.2,0.8
6.336638927459717,2.2,0.8
6.672892093658447,2.2,0.8
7.008104562759399,2.2,0.8
7.340969085693359,2.2,0.8
7.675274610519409,2.2,0.8
8.011828899383545,2.2,0.8
8.344234943389893,2.2,0.8
8.6774582862854,2.2,0.8
9.014383316040039,2.2,0.8
9.348450183868408,2.2,0.8
9.677325248718262,2.2,0.8
10.011873722076416,2.2,0.8
10.346857070922852,2.2,0.8
10.680413722991943,2.2,0.8
11.018567085266113,2.2,0.8
11.356168746948242,2.2,0.8
11.685377836227417,2.2,0.8
12.021400213241577,2.2,0.8
12.358755826950073,2.2,0.8
12.694778203964233,2.2,0.8
13.027498483657837,2.2,0.8
13.365602254867554,2.2,0.8
13.702733755111694,2.2,0.8
14.042063236236572,2.2,0.8
14.379646062850952,2.2,0.8
14.71981930732727,2.2,0.8
15.057664632797241,2.2,0.8
15.394751787185669,2.2,0.8
15.733712911605835,2.2,0.8
16.06981062889099,2.2,0.8
16.406982421875,2.2,0.8
16.740105628967285,2.2,0.8
17.072911739349365,2.2,0.8
17.408400774002075,2.2,0.8
17.74087929725647,2.2,0.8
18.076806783676147,2.2,0.8
18.412440299987793,2.2,0.8
18.745726823806763,2.2,0.8
19.08028507232666,2.2,0.8
19.413042306900024,2.2,0.8
19.748262882232666,2.2,0.8
20.07905626296997,2.2,0.8
20.412715196609497,2.2,0.8
20.75073790550232,2.2,0.8
