Time (s),Core 0 Uncore Frequency (GHz),Core 1 Uncore Frequency (GHz)
0.3003847599029541,2.2,0.8
0.6242501735687256,2.2,0.8
0.9583430290222168,2.2,0.8
1.2913620471954346,2.2,0.8
1.6269142627716064,2.2,0.8
1.9612395763397217,2.2,0.8
2.2969558238983154,2.2,0.8
2.6317648887634277,2.2,0.8
2.966944456100464,2.2,0.8
3.3013854026794434,2.2,0.8
3.6379806995391846,2.2,0.8
3.976736307144165,2.2,0.8
4.311305046081543,2.2,0.8
4.649353265762329,2.2,0.8
4.983269214630127,2.2,0.8
5.318728923797607,2.2,0.8
5.655675172805786,2.2,0.8
5.993833541870117,2.2,0.8
6.330855369567871,2.2,0.8
6.665477275848389,2.2,0.8
7.004731893539429,2.2,0.8
7.341035604476929,2.2,0.8
7.678171634674072,2.2,0.8
8.007291078567505,2.2,0.8
8.3439040184021,2.2,0.8
8.678521394729614,2.2,0.8
9.01401400566101,2.2,0.8
9.353114128112793,2.2,0.8
9.687305450439453,2.2,0.8
10.021676778793335,2.2,0.8
10.359617948532104,2.2,0.8
10.694445848464966,2.2,0.8
11.030369758605957,2.2,0.8
11.366537094116211,2.2,0.8
11.698760747909546,2.2,0.8
12.027652025222778,2.2,0.8
12.36275601387024,2.2,0.8
12.694828987121582,2.2,0.8
13.029324531555176,2.2,0.8
13.365118503570557,2.2,0.8
13.698173761367798,2.2,0.8
14.035627841949463,2.2,0.8
14.370886325836182,2.2,0.8
14.703326940536499,2.2,0.8
15.038896799087524,2.2,0.8
15.37317419052124,2.2,0.8
15.706877708435059,2.2,0.8
16.039132833480835,2.2,0.8
16.374425649642944,2.2,0.8
16.707595586776733,2.2,0.8
17.04242777824402,2.2,0.8
17.375543355941772,2.2,0.8
17.71313738822937,2.2,0.8
18.04946732521057,2.2,0.8
18.386086225509644,2.2,0.8
18.7187442779541,2.2,0.8
19.05727481842041,2.2,0.8
19.394012212753296,2.2,0.8
19.730477333068848,2.2,0.8
20.06661319732666,2.2,0.8
20.399613618850708,2.2,0.8
20.734843492507935,2.2,2.2
