Time (s),Core 0 Uncore Frequency (GHz),Core 1 Uncore Frequency (GHz)
0.30041956901550293,0.8,0.8
0.6327857971191406,0.8,0.8
0.9698355197906494,0.8,0.8
1.3046979904174805,0.8,0.8
1.6410307884216309,0.8,0.8
1.9815990924835205,0.8,0.8
2.3703620433807373,2.2,2.2
2.705235719680786,2.2,2.2
3.042062282562256,2.2,2.2
3.376891851425171,2.2,2.2
3.7127766609191895,2.2,2.2
4.049178600311279,2.2,2.2
4.382338047027588,2.2,2.2
4.712820291519165,2.2,2.2
5.048253536224365,2.2,2.2
5.4283363819122314,2.2,2.2
5.757834434509277,2.2,2.2
6.091524600982666,2.2,2.2
6.423248291015625,2.2,2.2
6.758389949798584,2.2,2.2
7.0888450145721436,2.2,2.2
7.427481651306152,2.2,2.2
7.759252309799194,2.2,2.2
8.09192442893982,2.2,2.2
8.42576813697815,2.2,2.2
8.758893728256226,2.2,2.2
9.09480333328247,2.2,2.2
9.430174827575684,2.2,2.2
9.762927293777466,2.2,2.2
10.095798015594482,2.2,2.2
10.430243968963623,2.2,2.2
10.764613151550293,2.2,2.2
11.097880840301514,2.2,2.2
11.43464207649231,2.2,2.2
11.76854681968689,2.2,2.2
12.10484790802002,2.2,2.2
12.437915802001953,2.2,2.2
12.774438858032227,2.2,2.2
13.109317541122437,2.2,2.2
13.445220232009888,2.2,2.2
13.778833627700806,2.2,2.2
14.110681056976318,2.2,2.2
14.443045854568481,2.2,2.2
14.774219751358032,2.2,2.2
15.150887250900269,2.2,2.2
15.483923435211182,2.2,2.2
15.815510034561157,2.2,2.2
16.14705777168274,2.2,2.2
16.482813119888306,0.8,0.8
16.81971526145935,2.2,2.2
17.152427673339844,2.2,2.2
17.483157634735107,2.2,2.2
17.818983793258667,2.2,2.2
18.150960445404053,2.2,2.2
18.484452724456787,2.2,2.2
18.816879510879517,2.2,2.2
19.151952505111694,2.2,2.2
19.483396768569946,2.2,2.2
19.81523823738098,0.8,0.8
20.154632806777954,0.8,0.8
