Time (s),Core 0 Uncore Frequency (GHz),Core 1 Uncore Frequency (GHz)
0.30047130584716797,2.2,0.8
0.633873462677002,0.8,0.8
0.9593629837036133,0.8,0.8
1.294144630432129,0.8,0.8
1.6292884349822998,0.8,0.8
1.9619112014770508,0.8,0.8
2.293569803237915,2.2,0.8
2.627415895462036,2.2,0.8
2.961871862411499,2.2,0.8
3.294227361679077,2.2,0.8
3.6203556060791016,2.2,0.8
3.9532406330108643,2.2,0.8
4.285707235336304,2.2,0.8
4.618252277374268,2.2,0.8
4.949370622634888,2.2,0.8
5.281486511230469,2.2,0.8
5.614439964294434,2.2,0.8
5.943333625793457,2.2,0.8
6.277928352355957,2.2,0.8
6.609640121459961,2.2,0.8
6.941605091094971,2.2,0.8
7.27532172203064,2.2,0.8
7.609660863876343,2.2,0.8
7.938508987426758,2.2,0.8
8.26958441734314,2.2,0.8
8.60193920135498,2.2,0.8
8.93241262435913,2.2,0.8
9.265700578689575,2.2,0.8
9.597511529922485,2.2,0.8
9.932549238204956,2.2,0.8
10.258992433547974,2.2,0.8
10.595221757888794,2.2,0.8
10.9275221824646,2.2,0.8
11.260428428649902,2.2,0.8
11.590129613876343,2.2,0.8
11.921695947647095,2.2,0.8
12.253589391708374,2.2,0.8
12.585574626922607,2.2,0.8
12.91782832145691,2.2,0.8
13.249732255935669,2.2,0.8
13.582325220108032,2.2,0.8
13.913753986358643,2.2,0.8
14.24610710144043,2.2,0.8
14.577320337295532,2.2,0.8
14.9089195728302,2.2,0.8
15.237125635147095,2.2,0.8
15.569889307022095,2.2,0.8
15.898380756378174,2.2,0.8
16.229947566986084,2.2,0.8
16.566762924194336,2.2,0.8
16.896002531051636,2.2,0.8
17.23014807701111,2.2,0.8
17.562467575073242,0.8,0.8
17.89439105987549,2.2,0.8
18.224787950515747,2.2,0.8
18.55801796913147,2.2,0.8
18.88999605178833,2.2,0.8
19.221968412399292,2.2,0.8
19.556636095046997,2.2,0.8
19.890036582946777,2.2,0.8
20.218315839767456,2.2,0.8
20.5496609210968,2.2,0.8
20.88240909576416,0.8,0.8
21.21406626701355,0.8,0.8
21.547059774398804,0.8,0.8
