Time (s),Core 0 Uncore Frequency (GHz),Core 1 Uncore Frequency (GHz)
0.3003830909729004,2.2,2.2
0.6318695545196533,2.2,2.2
0.9613151550292969,2.2,2.2
1.2947509288787842,2.2,2.2
1.6293394565582275,2.2,2.2
1.9615368843078613,2.2,2.2
2.294546127319336,2.2,2.2
2.6267287731170654,2.2,2.2
2.9605824947357178,2.2,2.2
3.292843818664551,2.2,2.2
3.6251354217529297,2.2,2.2
3.9557371139526367,2.2,2.2
4.28672981262207,2.2,2.2
4.620848894119263,2.2,2.2
4.950727939605713,2.2,2.2
5.284128427505493,2.2,2.2
5.619317054748535,2.2,2.2
5.950263023376465,2.2,2.2
6.283987045288086,2.2,2.2
6.61759614944458,2.2,2.2
6.950283527374268,2.2,2.2
7.279824495315552,2.2,2.2
7.610619306564331,2.2,2.2
7.944554805755615,2.2,2.2
8.274392127990723,2.2,2.2
8.607914447784424,2.2,2.2
8.94124174118042,2.2,2.2
9.274488925933838,2.2,2.2
9.606708526611328,2.2,2.2
9.939494132995605,2.2,2.2
10.27384877204895,2.2,2.2
10.608716249465942,2.2,2.2
10.938913106918335,2.2,2.2
11.271402359008789,2.2,2.2
11.606039047241211,2.2,2.2
11.939906358718872,2.2,2.2
12.272514820098877,2.2,2.2
12.606346845626831,2.2,2.2
12.938265323638916,2.2,2.2
13.270190477371216,2.2,2.2
13.602952480316162,2.2,2.2
13.933093070983887,2.2,2.2
14.266439437866211,2.2,2.2
14.59843897819519,2.2,2.2
14.929745197296143,2.2,2.2
15.262486934661865,2.2,2.2
15.594806909561157,2.2,2.2
15.928189754486084,2.2,2.2
16.26154112815857,2.2,2.2
16.58928084373474,2.2,2.2
16.921069383621216,2.2,2.2
17.25613236427307,2.2,2.2
17.587619304656982,2.2,2.2
17.917532682418823,2.2,2.2
18.249218463897705,2.2,2.2
18.58220410346985,2.2,2.2
18.913877964019775,2.2,2.2
19.246084690093994,2.2,2.2
19.582424879074097,2.2,2.2
19.9143385887146,2.2,2.2
20.246034383773804,2.2,2.2
