Time (s),Core 0 Uncore Frequency (GHz),Core 1 Uncore Frequency (GHz)
0.3004128932952881,0.8,0.8
0.6338846683502197,0.8,0.8
0.9701080322265625,0.8,0.8
1.3097615242004395,0.8,0.8
1.6477642059326172,0.8,0.8
1.9847137928009033,0.8,0.8
2.320060968399048,0.8,0.8
2.6589982509613037,0.8,0.8
2.994960069656372,0.8,0.8
3.3283920288085938,0.8,0.8
3.6636741161346436,0.8,0.8
4.001986265182495,0.8,0.8
4.334953546524048,0.8,0.8
4.6734299659729,0.8,0.8
5.011033058166504,0.8,0.8
5.346900224685669,0.8,0.8
5.685811281204224,0.8,0.8
6.0232625007629395,0.8,0.8
6.3614091873168945,0.8,0.8
6.69934868812561,0.8,0.8
7.034706115722656,0.8,0.8
7.368151426315308,0.8,0.8
7.700975179672241,0.8,0.8
8.036571979522705,0.8,0.8
8.367812871932983,0.8,0.8
8.70334529876709,0.8,0.8
9.040273904800415,0.8,0.8
9.373035192489624,0.8,0.8
9.710715532302856,0.8,0.8
10.049210548400879,0.8,0.8
10.383934497833252,0.8,0.8
10.717860698699951,0.8,0.8
11.047124147415161,0.8,0.8
11.385082960128784,0.8,0.8
11.719452857971191,0.8,0.8
12.05817198753357,0.8,0.8
12.393388986587524,0.8,0.8
12.727914810180664,0.8,0.8
13.06525182723999,0.8,0.8
13.404700517654419,0.8,0.8
13.739972591400146,0.8,0.8
14.075404644012451,0.8,0.8
14.400817632675171,0.8,0.8
14.7394118309021,0.8,0.8
15.076582908630371,0.8,0.8
15.411526918411255,0.8,0.8
15.740872144699097,0.8,0.8
16.073275566101074,0.8,0.8
16.411528825759888,0.8,0.8
16.745100259780884,0.8,0.8
17.080407857894897,0.8,0.8
17.416773796081543,0.8,0.8
17.748164176940918,0.8,0.8
18.080010652542114,0.8,0.8
18.412496089935303,0.8,0.8
18.750420808792114,0.8,0.8
19.089556455612183,0.8,0.8
19.4205002784729,0.8,0.8
19.755144834518433,0.8,0.8
20.089553356170654,0.8,0.8
20.427208423614502,0.8,0.8
20.76628351211548,0.8,0.8
21.10411047935486,0.8,0.8
21.44085121154785,0.8,0.8
21.78006362915039,0.8,0.8
22.11610174179077,0.8,0.8
22.448803901672363,0.8,0.8
22.78267788887024,0.8,0.8
23.12205219268799,0.8,0.8
23.45047163963318,0.8,0.8
23.783490657806396,0.8,0.8
24.121139764785767,0.8,0.8
24.453364372253418,0.8,0.8
24.791348218917847,0.8,0.8
25.130192279815674,0.8,0.8
25.464823961257935,0.8,0.8
25.80001950263977,0.8,0.8
26.134634971618652,0.8,0.8
26.46906852722168,0.8,0.8
