Time (s),Core 0 Uncore Frequency (GHz),Core 1 Uncore Frequency (GHz)
0.3004140853881836,0.8,0.8
0.6344401836395264,0.8,0.8
0.9619741439819336,0.8,0.8
1.2943878173828125,0.8,0.8
1.6259288787841797,0.8,0.8
1.9580388069152832,0.8,0.8
2.2930808067321777,0.8,0.8
2.625653028488159,0.8,0.8
2.9577889442443848,0.8,0.8
3.2894768714904785,0.8,0.8
3.6215996742248535,0.8,0.8
3.953568935394287,0.8,0.8
4.285517454147339,0.8,0.8
4.617690563201904,0.8,0.8
4.9497692584991455,0.8,0.8
5.2816832065582275,0.8,0.8
5.613494634628296,0.8,0.8
5.9438316822052,0.8,0.8
6.277953624725342,0.8,0.8
6.61012864112854,0.8,0.8
6.942579030990601,2.2,0.8
7.277740478515625,2.2,0.8
7.6116931438446045,2.2,0.8
7.945302963256836,2.2,0.8
8.276947736740112,2.2,0.8
8.61124587059021,2.2,0.8
8.945632696151733,2.2,0.8
9.277999877929688,2.2,0.8
9.609825134277344,2.2,0.8
9.940682649612427,2.2,0.8
10.272408485412598,2.2,0.8
10.60430645942688,2.2,0.8
10.938138484954834,2.2,0.8
11.268559455871582,2.2,0.8
11.600775480270386,2.2,0.8
11.93449330329895,2.2,0.8
12.270700693130493,2.2,0.8
12.599570989608765,2.2,0.8
12.92965579032898,2.2,0.8
13.261313438415527,2.2,0.8
13.585895299911499,2.2,0.8
13.914479732513428,2.2,0.8
14.248569965362549,2.2,0.8
14.577965259552002,2.2,0.8
14.908380508422852,2.2,0.8
15.237704992294312,2.2,0.8
15.56946587562561,2.2,0.8
15.905710697174072,2.2,0.8
16.237544059753418,2.2,0.8
16.571765184402466,2.2,0.8
16.904821634292603,2.2,0.8
17.23752212524414,2.2,0.8
17.56956696510315,2.2,0.8
17.9016854763031,2.2,0.8
18.233354091644287,2.2,0.8
18.56501007080078,2.2,0.8
18.89770817756653,2.2,0.8
19.230031728744507,2.2,0.8
19.561049222946167,2.2,0.8
19.893963098526,2.2,0.8
20.225087881088257,2.2,0.8
20.558140516281128,2.2,0.8
20.888757467269897,2.2,0.8
21.222765922546387,2.2,0.8
21.554015159606934,2.2,0.8
21.885631799697876,2.2,0.8
22.21578574180603,2.2,0.8
22.545849323272705,2.2,0.8
22.873429775238037,2.2,0.8
23.205483198165894,2.2,0.8
23.537147998809814,2.2,0.8
23.869587659835815,2.2,0.8
24.2004656791687,2.2,0.8
24.532480001449585,2.2,0.8
24.865907192230225,2.2,0.8
25.197104692459106,2.2,0.8
25.53038501739502,2.2,0.8
25.86211371421814,2.2,0.8
26.194058418273926,2.2,0.8
26.526086568832397,2.2,0.8
26.85698652267456,2.2,0.8
