Time (s),Core 0 Uncore Frequency (GHz),Core 1 Uncore Frequency (GHz)
0.3003857135772705,2.2,2.2
0.6343250274658203,2.2,2.2
0.9652104377746582,2.2,2.2
1.29201340675354,2.2,2.2
1.629603385925293,2.2,2.2
1.964766263961792,2.2,2.2
2.2955853939056396,2.2,2.2
2.6280505657196045,2.2,2.2
2.957235813140869,2.2,2.2
3.2904717922210693,2.2,2.2
3.6256678104400635,2.2,2.2
3.958094358444214,2.2,2.2
