Time (s),Core 0 Uncore Frequency (GHz),Core 1 Uncore Frequency (GHz)
0.30040955543518066,2.2,0.8
0.638646125793457,2.2,0.8
0.9804446697235107,2.2,0.8
1.3143353462219238,2.2,0.8
1.6474590301513672,2.2,0.8
1.9815804958343506,2.2,0.8
2.3165485858917236,2.2,0.8
2.6497609615325928,2.2,0.8
2.9867074489593506,2.2,0.8
3.321428060531616,2.2,0.8
3.656357526779175,2.2,0.8
3.9893219470977783,2.2,0.8
4.329077482223511,2.2,0.8
4.662564277648926,2.2,0.8
4.997051477432251,2.2,0.8
5.330019235610962,2.2,0.8
5.664588689804077,2.2,0.8
5.9979729652404785,2.2,0.8
6.329524278640747,2.2,0.8
6.662156343460083,2.2,0.8
6.997705459594727,2.2,0.8
7.331827163696289,2.2,0.8
7.6671977043151855,2.2,0.8
8.001558303833008,2.2,0.8
8.336446523666382,2.2,0.8
8.672623872756958,2.2,0.8
9.007872343063354,2.2,0.8
9.34338927268982,2.2,0.8
9.680728912353516,2.2,0.8
15.06235384941101,2.2,0.8
15.437300205230713,2.2,0.8
15.817612171173096,2.2,0.8
16.192317962646484,2.2,0.8
16.57994818687439,2.2,0.8
16.954796314239502,2.2,0.8
17.336541652679443,2.2,0.8
17.71627926826477,2.2,0.8
18.114155054092407,2.2,0.8
18.48877787590027,2.2,0.8
18.86006498336792,2.2,0.8
19.23576045036316,2.2,0.8
19.62242078781128,2.2,0.8
19.99696111679077,2.2,0.8
20.37164068222046,2.2,0.8
20.745073318481445,2.2,0.8
21.119497537612915,2.2,0.8
21.500054836273193,2.2,0.8
21.88445496559143,2.2,0.8
22.26466989517212,2.2,0.8
22.636526584625244,2.2,0.8
23.008521556854248,2.2,0.8
23.383833169937134,2.2,0.8
23.75862407684326,2.2,0.8
24.132466793060303,2.2,0.8
24.505118131637573,2.2,0.8
24.87569761276245,2.2,0.8
25.25482153892517,2.2,0.8
25.635610580444336,2.2,0.8
26.016764879226685,2.2,0.8
26.39208149909973,2.2,0.8
26.768821716308594,2.2,0.8
27.150323152542114,2.2,0.8
27.525718927383423,2.2,0.8
27.897863626480103,2.2,0.8
28.271138191223145,2.2,0.8
33.63524842262268,2.2,0.8
33.97130060195923,2.2,0.8
34.30942940711975,2.2,0.8
34.642966985702515,2.2,0.8
34.9803831577301,2.2,0.8
35.31748414039612,2.2,0.8
35.65403175354004,2.2,0.8
35.98447871208191,2.2,0.8
36.318583250045776,2.2,0.8
36.654093980789185,2.2,0.8
36.9920597076416,2.2,0.8
37.32554864883423,2.2,0.8
37.6618549823761,2.2,0.8
37.99391841888428,2.2,2.2
