Time (s),Core 0 Uncore Frequency (GHz),Core 1 Uncore Frequency (GHz)
0.3003878593444824,2.2,2.2
0.632166862487793,2.2,2.2
0.9645805358886719,2.2,2.2
1.2975554466247559,2.2,2.2
1.6297285556793213,2.2,2.2
1.9614052772521973,2.2,2.2
2.292994260787964,2.2,2.2
2.6246378421783447,2.2,2.2
2.957286834716797,2.2,2.2
3.2904281616210938,2.2,2.2
3.6214258670806885,2.2,2.2
3.948747396469116,2.2,2.2
4.280831575393677,2.2,2.2
4.610843658447266,2.2,2.2
4.945775270462036,2.2,2.2
5.276747941970825,2.2,2.2
5.610513687133789,2.2,2.2
5.961412191390991,2.2,2.2
6.294583559036255,2.2,2.2
6.625744819641113,2.2,2.2
6.960974454879761,2.2,2.2
7.2945098876953125,2.2,2.2
7.627841472625732,2.2,2.2
7.962466239929199,2.2,2.2
8.293383598327637,2.2,2.2
8.62472653388977,2.2,2.2
8.954694986343384,2.2,2.2
9.288351774215698,2.2,2.2
9.622760772705078,2.2,2.2
9.957800149917603,2.2,2.2
10.289162397384644,2.2,2.2
10.62111234664917,2.2,2.2
10.95300841331482,0.8,0.8
11.289522886276245,2.2,2.2
11.62136960029602,2.2,2.2
11.953293561935425,2.2,2.2
12.287426471710205,2.2,2.2
12.619559049606323,2.2,2.2
12.952584266662598,2.2,2.2
13.28787350654602,0.8,0.8
13.622450351715088,2.2,2.2
13.952759981155396,2.2,2.2
14.286521673202515,2.2,2.2
14.61731219291687,2.2,2.2
14.94935131072998,0.8,0.8
15.285183668136597,2.2,2.2
15.61719274520874,2.2,2.2
15.949235439300537,2.2,2.2
16.282602071762085,2.2,2.2
16.617915868759155,2.2,2.2
16.951810836791992,2.2,2.2
17.288387537002563,2.2,2.2
17.64867377281189,2.2,2.2
17.980469703674316,0.8,0.8
18.315988779067993,2.2,2.2
18.649765968322754,2.2,2.2
18.982624292373657,2.2,2.2
19.313422203063965,0.8,0.8
19.64650273323059,2.2,2.2
19.978944301605225,2.2,2.2
20.31150245666504,2.2,2.2
20.64485192298889,0.8,0.8
20.98033833503723,2.2,2.2
21.315997838974,2.2,2.2
21.64899468421936,2.2,2.2
21.982666969299316,0.8,0.8
22.3140811920166,2.2,2.2
22.649025917053223,2.2,2.2
22.982616662979126,2.2,2.2
23.31537365913391,0.8,0.8
23.648916721343994,2.2,2.2
23.98096537590027,2.2,2.2
24.31317925453186,2.2,2.2
24.6462824344635,0.8,0.8
24.981929063796997,0.8,0.8
25.321887731552124,2.2,2.2
25.655812978744507,2.2,2.2
25.989120960235596,2.2,2.2
26.32006311416626,2.2,2.2
26.654804468154907,2.2,2.2
26.988897800445557,2.2,2.2
27.321422338485718,2.2,2.2
