Time (s),Core 0 Uncore Frequency (GHz),Core 1 Uncore Frequency (GHz)
0.3004119396209717,0.8,0.8
0.6368007659912109,0.8,0.8
0.9690062999725342,0.8,0.8
1.3015046119689941,0.8,0.8
1.6382911205291748,0.8,0.8
1.9737598896026611,0.8,0.8
2.309030055999756,2.2,0.8
2.6394762992858887,2.2,0.8
2.9732301235198975,2.2,0.8
3.305497646331787,2.2,0.8
3.6406137943267822,2.2,0.8
3.9732396602630615,2.2,0.8
4.302384853363037,2.2,0.8
4.636616468429565,2.2,0.8
4.969511270523071,2.2,0.8
5.307109594345093,2.2,0.8
5.640111446380615,2.2,0.8
5.976449012756348,2.2,0.8
6.314781904220581,2.2,0.8
6.647995471954346,2.2,0.8
6.980069637298584,2.2,0.8
7.3160483837127686,2.2,0.8
7.653271913528442,2.2,0.8
7.988314628601074,2.2,0.8
8.324584484100342,2.2,0.8
8.657175302505493,2.2,0.8
8.992945909500122,2.2,0.8
9.328786134719849,2.2,0.8
9.658398151397705,0.8,0.8
9.993149042129517,2.2,0.8
10.325255393981934,2.2,0.8
10.660622119903564,2.2,0.8
10.998615264892578,2.2,0.8
11.333191394805908,2.2,0.8
11.665347337722778,2.2,0.8
12.002852201461792,0.8,0.8
12.337287425994873,2.2,0.8
12.67340612411499,2.2,0.8
13.00861144065857,2.2,0.8
13.341198444366455,2.2,0.8
13.673588752746582,2.2,0.8
14.00881838798523,2.2,0.8
14.341222047805786,0.8,0.8
14.673162460327148,2.2,0.8
15.007016658782959,2.2,0.8
15.344051837921143,0.8,0.8
15.677015542984009,2.2,0.8
16.009034156799316,2.2,0.8
16.34136700630188,2.2,0.8
16.67670249938965,0.8,0.8
17.011273860931396,2.2,0.8
17.347249507904053,2.2,0.8
17.68740725517273,2.2,0.8
18.021679401397705,2.2,0.8
18.363893508911133,0.8,0.8
18.70024824142456,2.2,0.8
19.03787112236023,0.8,0.8
19.37533140182495,2.2,0.8
19.712793350219727,2.2,0.8
20.04541778564453,2.2,0.8
20.380815505981445,2.2,0.8
20.715205907821655,0.8,0.8
21.05110001564026,2.2,0.8
21.385351181030273,2.2,0.8
21.720589876174927,0.8,0.8
22.0532488822937,2.2,0.8
22.390974760055542,2.2,0.8
22.724940299987793,2.2,0.8
23.056158304214478,2.2,0.8
23.39153265953064,2.2,0.8
23.724974870681763,2.2,0.8
24.053971529006958,2.2,0.8
24.389183521270752,2.2,0.8
24.722779750823975,2.2,0.8
25.060216426849365,2.2,0.8
25.397929430007935,2.2,0.8
25.734410285949707,0.8,0.8
26.07144069671631,2.2,0.8
26.405271530151367,2.2,0.8
26.743131637573242,2.2,0.8
27.080438375473022,2.2,0.8
27.419999837875366,2.2,0.8
27.758489847183228,2.2,0.8
28.09607982635498,2.2,0.8
