Time (s),Core 0 Uncore Frequency (GHz),Core 1 Uncore Frequency (GHz)
0.30041074752807617,0.8,0.8
0.6399555206298828,0.8,0.8
0.9719281196594238,0.8,0.8
1.3094048500061035,0.8,0.8
1.6442689895629883,0.8,0.8
1.979945421218872,0.8,0.8
2.317878484725952,1.8,1.8
2.651949644088745,1.8,1.8
2.98677921295166,1.8,1.8
3.318601131439209,1.8,1.8
3.6542441844940186,1.8,1.8
3.9891953468322754,1.8,1.8
4.323036193847656,1.8,1.8
4.659170150756836,1.8,1.8
4.9930925369262695,1.8,1.8
5.327068090438843,1.8,1.8
5.662262678146362,1.8,1.8
5.997340679168701,1.8,1.8
6.3342156410217285,1.8,1.8
6.670358657836914,1.8,1.8
7.00710391998291,1.8,1.8
7.33921480178833,1.8,1.8
7.673862934112549,1.8,1.8
8.010354995727539,1.8,1.8
8.345420360565186,1.8,1.8
8.680836200714111,1.8,1.8
9.01452350616455,1.8,1.8
9.34737491607666,1.8,1.8
9.685206890106201,0.8,0.8
10.023781061172485,1.8,1.8
10.358581304550171,1.8,1.8
10.69203805923462,1.8,1.8
11.025764226913452,0.8,0.8
11.36631989479065,1.8,1.8
11.702595949172974,1.8,1.8
12.037591457366943,0.8,0.8
12.368821859359741,0.8,0.8
12.705162525177002,1.8,1.8
13.038063526153564,1.8,1.8
13.373376369476318,1.8,1.8
13.709331274032593,1.8,1.8
14.045350313186646,1.8,1.8
14.379117488861084,0.8,0.8
14.713361501693726,1.8,1.8
15.046086311340332,1.8,1.8
15.378931045532227,1.8,1.8
15.714970588684082,0.8,0.8
16.048614263534546,1.8,1.8
16.383085250854492,1.8,1.8
16.712451696395874,0.8,0.8
17.0461368560791,1.8,1.8
17.382485389709473,1.8,1.8
17.71505832672119,1.8,1.8
18.044107913970947,1.8,1.8
18.378733158111572,1.8,1.8
18.714645862579346,1.8,1.8
19.04758596420288,1.8,1.8
19.379292488098145,1.8,1.8
19.71134352684021,1.8,1.8
20.04341745376587,1.8,1.8
20.372419595718384,1.8,1.8
20.70919394493103,1.8,1.8
21.04267144203186,1.8,1.8
21.38000774383545,1.8,1.8
21.71725058555603,0.8,0.8
22.05272078514099,0.8,0.8
22.38681674003601,1.8,1.8
22.719242811203003,1.8,1.8
23.05125594139099,0.8,0.8
23.390069723129272,1.8,1.8
23.728168487548828,1.8,1.8
24.062607765197754,1.8,1.8
24.40066170692444,0.8,0.8
24.736358404159546,0.8,0.8
25.077993392944336,1.8,1.8
25.414705514907837,0.8,0.8
25.752095460891724,1.8,1.8
26.086378812789917,1.8,1.8
26.42235803604126,1.8,1.8
26.761178731918335,1.8,1.8
27.095649242401123,1.8,1.8
27.429232597351074,1.8,1.8
27.764179229736328,1.8,1.8
28.097156763076782,1.8,1.8
