Time (s),Core 0 Uncore Frequency (GHz),Core 1 Uncore Frequency (GHz)
0.30042457580566406,0.8,0.8
0.6333301067352295,0.8,0.8
0.9652338027954102,0.8,0.8
1.301316738128662,0.8,0.8
1.6332345008850098,0.8,0.8
1.9737634658813477,0.8,0.8
2.311981678009033,0.8,0.8
2.647845983505249,0.8,0.8
2.980456829071045,0.8,0.8
3.3126542568206787,0.8,0.8
3.651392698287964,0.8,0.8
3.990638017654419,0.8,0.8
4.330437898635864,0.8,0.8
4.667259931564331,0.8,0.8
4.999570846557617,0.8,0.8
5.333235740661621,0.8,0.8
5.666571140289307,0.8,0.8
6.00345253944397,0.8,0.8
6.335171222686768,0.8,0.8
6.670795679092407,0.8,0.8
7.004674434661865,0.8,0.8
7.3435869216918945,0.8,0.8
7.682683944702148,0.8,0.8
8.019779920578003,0.8,0.8
8.356964826583862,0.8,0.8
8.695558547973633,0.8,0.8
9.033716917037964,0.8,0.8
9.371784210205078,0.8,0.8
9.709527969360352,0.8,0.8
10.044431924819946,0.8,0.8
10.383785963058472,0.8,0.8
10.715881586074829,0.8,0.8
11.053690910339355,0.8,0.8
11.388746500015259,0.8,0.8
11.721863031387329,0.8,0.8
12.060940265655518,0.8,0.8
12.395132064819336,0.8,0.8
12.731971263885498,0.8,0.8
13.068177938461304,0.8,0.8
13.39988374710083,0.8,0.8
13.737863302230835,0.8,0.8
14.076848030090332,0.8,0.8
14.412481546401978,0.8,0.8
14.74807333946228,0.8,0.8
15.082407236099243,0.8,0.8
15.420352220535278,0.8,0.8
15.752288818359375,0.8,0.8
16.088446378707886,0.8,0.8
16.425211191177368,0.8,0.8
16.75713539123535,0.8,0.8
17.09560227394104,0.8,0.8
17.42827320098877,0.8,0.8
17.76455569267273,0.8,0.8
18.09927749633789,0.8,0.8
18.433123111724854,0.8,0.8
18.771242380142212,0.8,0.8
19.109259605407715,0.8,0.8
19.44641900062561,0.8,0.8
19.783106088638306,0.8,0.8
20.116446256637573,0.8,0.8
20.45274043083191,2.2,0.8
20.790724754333496,2.2,0.8
21.12875723838806,2.2,0.8
21.462759971618652,2.2,0.8
21.799606323242188,2.2,0.8
22.13220191001892,2.2,0.8
22.467365980148315,2.2,0.8
22.8005051612854,0.8,0.8
23.13579535484314,0.8,0.8
23.467482328414917,0.8,0.8
23.80701208114624,0.8,0.8
24.140774488449097,0.8,0.8
24.47785472869873,0.8,0.8
24.812650680541992,0.8,0.8
25.144850730895996,0.8,0.8
25.484539270401,0.8,0.8
25.819732189178467,0.8,0.8
26.1594021320343,0.8,0.8
26.499534606933594,0.8,0.8
