Time (s),Core 0 Uncore Frequency (GHz),Core 1 Uncore Frequency (GHz)
0.30039405822753906,0.8,0.8
0.6361677646636963,0.8,0.8
0.9685065746307373,0.8,0.8
1.30033278465271,0.8,0.8
1.6324043273925781,0.8,0.8
1.97214937210083,0.8,0.8
2.3083269596099854,0.8,0.8
2.6466174125671387,0.8,0.8
2.9801063537597656,0.8,0.8
3.318753719329834,0.8,0.8
3.6457643508911133,0.8,0.8
3.9852418899536133,0.8,0.8
4.322921991348267,0.8,0.8
4.655882120132446,0.8,0.8
4.9922497272491455,0.8,0.8
5.325981855392456,0.8,0.8
5.663413047790527,0.8,0.8
5.998935222625732,0.8,0.8
6.332363128662109,0.8,0.8
6.667930841445923,0.8,0.8
7.000434637069702,0.8,0.8
7.336163282394409,0.8,0.8
7.673643112182617,0.8,0.8
8.013569116592407,0.8,0.8
8.352882385253906,0.8,0.8
8.688599109649658,0.8,0.8
9.023580312728882,0.8,0.8
9.359088659286499,0.8,0.8
9.692175388336182,0.8,0.8
10.028321743011475,0.8,0.8
10.355215787887573,0.8,0.8
10.688341617584229,0.8,0.8
11.027360439300537,0.8,0.8
11.359764814376831,0.8,0.8
11.69591474533081,0.8,0.8
12.034778118133545,0.8,0.8
12.370617151260376,0.8,0.8
12.70750641822815,0.8,0.8
13.047621726989746,0.8,0.8
13.382891416549683,0.8,0.8
13.719819068908691,0.8,0.8
14.055110454559326,0.8,0.8
14.38871169090271,0.8,0.8
14.727313041687012,0.8,0.8
15.063645124435425,0.8,0.8
15.398256540298462,0.8,0.8
15.73808741569519,0.8,0.8
16.075326204299927,0.8,0.8
16.40820074081421,0.8,0.8
16.745017766952515,0.8,0.8
17.07986617088318,0.8,0.8
17.415221452713013,0.8,0.8
17.752542734146118,0.8,0.8
18.091185808181763,0.8,0.8
18.429385900497437,0.8,0.8
18.766971588134766,0.8,0.8
19.102898597717285,0.8,0.8
19.440283060073853,0.8,0.8
19.77276086807251,0.8,0.8
20.104475259780884,0.8,0.8
20.44017744064331,0.8,0.8
20.77523159980774,0.8,0.8
21.11120843887329,0.8,0.8
21.442201614379883,0.8,0.8
21.778332710266113,0.8,0.8
22.113810062408447,0.8,0.8
22.450550079345703,0.8,0.8
22.78679633140564,0.8,0.8
23.120708465576172,0.8,0.8
23.456942796707153,0.8,0.8
23.793458700180054,0.8,0.8
24.132847785949707,0.8,0.8
24.468334913253784,0.8,0.8
24.79910898208618,0.8,0.8
25.136385202407837,0.8,0.8
25.474156141281128,0.8,0.8
25.809730291366577,0.8,0.8
26.148492574691772,0.8,0.8
26.480170011520386,0.8,0.8
26.817500114440918,0.8,0.8
27.15332055091858,0.8,0.8
27.48771381378174,2.2,2.2
