Time Elapsed (s), sys_mem_r(MB/s), sys_mem_w(MB/s), total(MB/s)
0.000104896,1424.3,1285.75,2710.05
0.0999058,1186.45,1111.88,2298.33
0.19968,1213.62,1142.18,2355.8
0.29944,1159.75,1099.75,2259.51
0.399126,1172.5,1113.17,2285.67
Time Elapsed (s), sys_mem_r(MB/s), sys_mem_w(MB/s), total(MB/s)
2.797e-05,1349.09,1244.6,2593.69
0.0997858,1202.71,1082.19,2284.9
0.19948,1345.12,1286.53,2631.65
0.299174,1182.34,1097.3,2279.63
0.398872,1188.35,1111.24,2299.6
