CPU Cap (W),GPU Cap (W),Runtime (s)
65,100,12.532557487487793
65,120,12.760671854019165
65,140,12.6366446018219
65,160,12.567773818969727
65,180,12.432299137115479
