Time (s),GPU 0 Power (W)
0.10017728805541992,58.88
0.23125720024108887,58.88
0.3530433177947998,58.98
0.48130273818969727,58.88
0.6121480464935303,58.78
0.7639820575714111,58.88
0.899958610534668,58.88
1.0283317565917969,58.59
1.1599030494689941,59.17
1.3154096603393555,59.37
1.4662046432495117,56.22
1.5970091819763184,53.96
1.7331979274749756,51.99
1.8675932884216309,48.94
1.99941086769104,48.37
2.1370019912719727,48.27
2.3032386302948,57.69
2.4505743980407715,60.54
2.5790345668792725,64.76
