Time (s),GPU 0 Power (W)
0.10017728805541992,54.24
0.22828173637390137,54.04
0.3770451545715332,53.94
0.5452778339385986,54.04
0.6911742687225342,54.14
0.8198573589324951,54.14
0.9523458480834961,54.04
1.102609395980835,55.03
1.256028413772583,54.74
1.4058659076690674,54.74
1.5365264415740967,55.62
1.685645341873169,54.64
1.8312149047851562,54.33
1.959355354309082,55.03
2.090073585510254,55.43
2.235966205596924,55.14
2.4074342250823975,55.82
2.539397954940796,55.03
2.6944451332092285,54.14
