Time (s),Package Power (W)
0.10038161277770996,315.03765
0.20085501670837402,180.52382999999998
0.3013913631439209,125.40433999999999
0.4019451141357422,119.40948999999999
0.5024750232696533,120.8792
0.602928638458252,122.33734
0.7034575939178467,105.58626999999998
0.8040637969970703,103.82725
0.9045326709747314,102.81406999999999
1.004962682723999,104.95518
1.1054081916809082,102.39598000000001
1.205925464630127,103.15891
1.3063530921936035,102.87082999999998
1.4067590236663818,102.39658999999999
1.5071988105773926,104.70065999999998
1.6078779697418213,170.12895999999998
1.7085740566253662,187.37805999999998
1.8090474605560303,189.30798
1.9095089435577393,192.32312
2.0100765228271484,192.40551
2.1105709075927734,192.76561999999998
2.2111854553222656,192.68689
2.3117899894714355,188.67994
2.412217855453491,191.9453
2.512664556503296,128.38042000000002
2.613144874572754,119.55841
2.7135958671569824,118.7094
2.814030408859253,119.0622
2.9146225452423096,184.44472
3.0150744915008545,125.04728999999999
3.115556240081787,119.10736
3.2159996032714844,118.47991999999999
3.3164443969726562,118.86382999999998
3.416930913925171,119.02252
3.517371416091919,183.12391999999997
3.617780923843384,126.21977000000001
3.718182325363159,186.38502000000003
3.818635940551758,193.28931
3.9190597534179688,192.23155999999997
4.019456386566162,189.01502
4.119885683059692,189.30859999999998
4.220484495162964,125.89994
4.3210694789886475,185.93336
4.421529054641724,188.95947999999999
4.521970272064209,182.84010999999998
4.622616767883301,195.68980000000002
