Time (s),Package Power (W)
0.10025334358215332,397.82064
0.20072698593139648,253.4338
0.3011765480041504,204.39218
0.40156984329223633,201.96603
0.5019404888153076,202.81137
0.6022980213165283,200.09897999999998
0.7026772499084473,115.77118999999999
0.8030543327331543,108.8315
0.9034411907196045,108.00692999999998
1.0038223266601562,108.05453
1.104231834411621,107.52962999999998
1.2046396732330322,107.80612999999998
1.3050413131713867,107.13046
1.4054644107818604,122.85613
1.5060226917266846,194.43432
1.606499433517456,187.52454
1.7068712711334229,186.37403999999995
1.8072614669799805,185.8833
1.907625436782837,174.41973
2.008078098297119,115.00762999999999
2.1084399223327637,115.21820999999998
2.2088122367858887,115.84139
2.3091678619384766,118.47076000000001
2.4095458984375,132.61807
2.5100669860839844,188.22217999999998
2.610450029373169,186.93434
2.7108020782470703,187.03564
2.8112144470214844,165.43415
2.9117038249969482,124.49004
