Time (s),Package Power (W)
0.100250244140625,340.1358399999999
0.20068144798278809,242.26196000000002
0.30118560791015625,204.25851
0.4017922878265381,201.76339
0.5023596286773682,200.57932999999997
0.6028389930725098,200.45481
0.7033114433288574,200.30892999999998
0.8037755489349365,143.67395
0.9042754173278809,111.44625
1.0047836303710938,108.5068
1.1052234172821045,108.37557999999999
1.2057254314422607,107.89767
1.3062090873718262,109.1672
1.4067277908325195,149.23058
1.5072150230407715,189.22191999999998
1.607590675354004,188.75073999999998
1.708047866821289,187.17176999999998
1.8084361553192139,186.94349000000003
1.9088711738586426,163.84052
2.009310722351074,102.52843
2.1097142696380615,102.54428999999999
2.210165023803711,104.18124999999999
2.3105576038360596,103.97984000000001
2.411033868789673,105.44284
2.5114593505859375,106.84543
2.611933708190918,173.1038
2.712390899658203,187.77723
2.812819719314575,185.18264000000002
2.9132726192474365,182.50990000000002
