Time (s),GPU 0 Power (W)
0.1002037525177002,38.71
0.25669097900390625,38.71
0.43291664123535156,38.71
0.569401741027832,38.91
0.6958217620849609,38.71
0.8280439376831055,38.71
0.9995973110198975,38.71
1.1342980861663818,38.71
1.270322561264038,39.1
1.4201629161834717,38.91
1.5523624420166016,41.97
1.7065601348876953,42.55
1.8408112525939941,55.64
1.972898244857788,61.22
2.1061222553253174,60.17
2.2747952938079834,59.77
2.4440605640411377,59.77
2.5998528003692627,60.46
2.745058298110962,59.27
2.8789730072021484,60.27
3.00900936126709,60.17
3.1808102130889893,59.37
3.352627992630005,60.37
3.525808572769165,60.37
3.6613264083862305,62.0
3.816737651824951,59.96
3.9844558238983154,60.27
4.113346338272095,60.46
4.241265296936035,65.17
