Time (s),Package Power (W)
0.1003258228302002,249.34507
0.20079445838928223,171.58159
0.3012547492980957,125.11992
0.4016728401184082,126.03238999999998
0.5023696422576904,126.46757000000001
0.6027922630310059,119.34599999999999
0.7032291889190674,105.74925
0.8036096096038818,106.03121999999999
0.9039983749389648,104.71042999999999
1.0043878555297852,105.21702
1.1048033237457275,104.69028000000002
1.2051904201507568,105.21335
1.305565595626831,105.16391999999999
1.4059512615203857,103.04232999999999
1.5063283443450928,105.17917999999999
1.60677170753479,105.07297999999999
1.7072126865386963,160.06244999999998
1.8076088428497314,190.16674999999998
1.9079885482788086,191.51012999999998
2.0083694458007812,191.67003999999997
2.1087417602539062,193.2893
2.209153652191162,194.32322999999997
2.309540271759033,189.09864
2.4099459648132324,191.78235
2.5103228092193604,177.06925
2.610719680786133,108.02766999999999
2.711214542388916,105.91891999999999
2.811847686767578,106.65561
2.9123785495758057,106.2833
3.012829065322876,102.74632
3.1132614612579346,105.22189999999999
3.2136988639831543,106.53780999999998
3.3141727447509766,103.40306
3.4145796298980713,104.55906
3.515005111694336,106.84846999999999
3.615495204925537,171.35027999999997
3.715937614440918,192.88463
3.816354990005493,188.43762999999998
3.9167520999908447,193.4132
4.017174243927002,193.01158999999998
4.117582082748413,192.58313
4.218017816543579,189.55578000000003
4.318418502807617,169.85247999999999
4.418854475021362,106.08492999999999
4.519270181655884,164.49359
4.619674205780029,161.56514
