Time (s),GPU 0 Power (W)
0.10019230842590332,54.74
0.25628066062927246,54.64
0.4066808223724365,54.83
0.571746826171875,54.64
0.7248399257659912,54.74
0.8560888767242432,54.63
1.0067129135131836,54.64
1.1348137855529785,54.54
1.299787998199463,54.54
1.4498896598815918,54.74
1.6050996780395508,36.03
1.7599842548370361,35.94
1.9129247665405273,35.84
2.045989990234375,36.24
2.1987311840057373,105.56
2.3466265201568604,104.48
2.479909896850586,214.05
2.6288726329803467,215.3
2.7675304412841797,215.39
2.9014549255371094,215.2
3.0339319705963135,216.35
3.181612014770508,215.37
3.3166379928588867,213.83
3.469306230545044,217.23
3.6039416790008545,214.7
3.740841865539551,216.46
3.895564079284668,216.67
4.052035808563232,216.84
4.206706285476685,215.51
4.354159116744995,217.25
4.489108085632324,216.34
4.64198637008667,214.34
4.780872821807861,217.7
4.915299892425537,216.74
5.0836427211761475,217.66
5.237060785293579,220.08
5.390268802642822,220.56
5.524651765823364,219.97
5.657476902008057,221.21
5.792180299758911,219.31
5.926194190979004,220.56
6.077411413192749,219.21
6.225983381271362,220.39
6.360353708267212,221.97
6.498686075210571,220.07
6.635385513305664,220.09
6.804642915725708,220.21
6.977789640426636,220.2
7.1144914627075195,220.96
7.245595216751099,221.43
7.398817539215088,219.02
7.549409627914429,219.54
7.686721086502075,220.39
7.826117992401123,219.71
7.96051549911499,221.74
8.110709428787231,220.83
8.261383056640625,220.68
8.415883302688599,221.74
8.570873737335205,220.17
8.703797817230225,222.99
8.835072994232178,221.86
8.964895486831665,220.94
9.097670316696167,221.65
9.234349489212036,221.77
9.36369800567627,220.28
9.517868757247925,221.38
9.669696807861328,222.01
9.803802490234375,220.89
9.978172779083252,221.07
10.129053354263306,223.08
10.261707067489624,222.05
10.392905950546265,222.15
10.545588970184326,222.54
10.679653644561768,222.63
10.835532188415527,221.36
10.969781875610352,222.8
11.098870515823364,223.39
11.265879392623901,219.74
11.403484582901001,221.65
11.57319951057434,222.64
11.709697723388672,223.2
11.864394903182983,220.05
11.997703790664673,221.01
12.13057017326355,222.91
12.29672622680664,223.46
12.452991485595703,223.11
12.582785367965698,221.51
12.717355489730835,222.23
12.849345684051514,221.49
12.998932600021362,224.26
13.142412900924683,222.05
13.311322689056396,61.99
