Time (s),GPU 0 Power (W)
0.10019803047180176,59.87
0.24312567710876465,59.77
0.384166955947876,59.47
0.5580220222473145,59.67
0.7110579013824463,59.37
0.84462571144104,59.17
0.9970371723175049,247.79
1.132267713546753,253.52
1.2675034999847412,255.07
1.4212441444396973,254.6
1.5608861446380615,254.79
1.7150158882141113,255.28
1.8941659927368164,225.91
2.0306684970855713,236.4
2.1945483684539795,254.3
2.3464913368225098,249.72
2.4856839179992676,252.76
2.6232478618621826,253.14
2.75756573677063,252.76
2.9075400829315186,237.84
3.045353412628174,237.95
3.1998724937438965,250.12
3.3376526832580566,253.52
3.5075323581695557,253.7
3.6682116985321045,253.52
3.8039350509643555,244.56
3.9411461353302,238.92
4.0788445472717285,242.14
4.215596437454224,254.12
4.353746652603149,254.01
4.510591745376587,254.5
4.647545576095581,251.09
4.783391952514648,249.14
4.919845104217529,242.33
5.057811498641968,239.68
5.213144779205322,251.29
5.373455762863159,254.79
5.523424386978149,249.42
5.660115480422974,254.79
5.797177314758301,246.33
5.947326898574829,240.68
6.086101293563843,243.03
6.241004467010498,252.05
6.3929808139801025,255.56
6.530724048614502,249.14
6.705733299255371,248.85
6.860093832015991,246.33
6.995282411575317,240.66
7.151514768600464,251.89
7.3561272621154785,255.56
7.496887445449829,250.11
7.674429178237915,249.93
7.810498476028442,250.01
7.961606025695801,244.16
8.113813400268555,240.78
8.263710975646973,253.15
8.400187969207764,256.34
8.53867506980896,246.81
8.680235624313354,247.6
8.818471431732178,249.94
8.98728346824646,243.89
9.122605562210083,241.04
9.262155294418335,256.16
9.400866746902466,256.73
9.538593292236328,250.31
9.677256107330322,250.4
9.830146074295044,244.75
9.979912519454956,241.65
10.116127014160156,244.56
10.253769397735596,250.72
10.407782554626465,250.81
10.538830041885376,63.78
10.709920167922974,66.81
