Time (s),Package Power (W)
0.10031008720397949,318.51297
0.20084476470947266,183.96621
0.30121588706970215,149.30504
0.4016449451446533,112.23358999999998
0.5020921230316162,104.08116
0.6025862693786621,102.89525
0.7030086517333984,109.72079000000001
0.8035247325897217,104.84470000000002
