Time (s),DRAM Power (W),IPC
0.0,0.0,1.4229958528280768
0.36,612.4466000001121,1.690144900050468
0.69,562.0194999995874,1.491900793603066
