Time (s),Package Power (W)
0.1002495288848877,306.2718
0.20079350471496582,206.49605
0.301349401473999,154.93613
0.40185022354125977,142.56433
0.502507209777832,111.3016
0.6029553413391113,107.67244999999998
0.7033932209014893,102.28490000000001
0.8038232326507568,102.80246
0.9043409824371338,143.15881999999996
1.00473952293396,140.50623000000002
1.105154037475586,139.14881
1.205566167831421,139.01698
1.30595064163208,143.25708999999998
1.40639328956604,158.8509
