Time (s),DRAM Power (W),IPC
0.0,0.0,1.4666103817637561
0.46,835.9918999994989,1.0588952449685052
0.82,609.8167000003741,1.5962813830403688
1.24,708.5981999996875,1.2475608513639758
