Time (s),GPU 0 Power (W)
0.10017871856689453,62.4
0.2538948059082031,62.19
0.4075133800506592,62.19
0.5742793083190918,62.59
0.7291488647460938,62.29
0.8961997032165527,62.29
1.0496132373809814,62.4
1.1959049701690674,62.29
1.3504724502563477,62.29
1.4974088668823242,62.11
1.6695220470428467,38.01
1.8491334915161133,38.01
2.029662847518921,37.71
2.2066235542297363,37.71
2.3858482837677,37.62
2.547170400619507,37.62
2.7113893032073975,37.52
2.896651029586792,37.52
3.0809478759765625,37.53
3.253577947616577,37.62
3.438075542449951,37.42
3.6092634201049805,37.43
3.768517255783081,37.52
3.9406888484954834,37.42
4.096122980117798,37.43
4.25355339050293,37.42
4.431100368499756,37.32
4.56689715385437,37.42
4.738602161407471,39.4
4.92810845375061,39.69
5.103659629821777,39.59
5.2592549324035645,39.49
5.431447505950928,39.49
5.605682849884033,39.49
5.782676696777344,39.59
5.939268350601196,39.49
6.093353509902954,39.88
6.2500317096710205,39.4
6.402674198150635,39.79
6.552494287490845,39.59
6.687374830245972,39.49
6.846877098083496,39.59
7.01680064201355,39.49
7.194332838058472,39.59
7.348777770996094,39.59
7.499915838241577,39.59
7.6319029331207275,39.49
7.7735514640808105,39.49
7.93036675453186,39.59
8.067539930343628,39.49
8.251631498336792,39.59
8.38857364654541,84.25
8.559845924377441,47.18
8.691641330718994,49.53
