Time (s),GPU 0 Power (W)
0.10018539428710938,39.99
0.2801213264465332,37.42
0.41605687141418457,37.33
0.5666048526763916,37.23
