Time (s),GPU 0 Power (W)
0.1002187728881836,40.09
0.2810046672821045,40.09
0.438535213470459,40.09
0.6192741394042969,40.09
0.7569229602813721,42.55
1.001729965209961,40.09
