Time (s),Package Power (W)
0.10032820701599121,261.79132
0.20062613487243652,164.87202
0.30087733268737793,141.33569
0.40113353729248047,129.85745999999997
0.501392126083374,137.02235
0.6016340255737305,134.9081
0.7018704414367676,110.48373
0.8022916316986084,169.76824
0.9026684761047363,181.85257
1.0030550956726074,182.70032999999998
1.1033918857574463,181.93740999999997
1.2037651538848877,182.28223999999997
1.3041431903839111,179.82437
1.4044721126556396,190.69592
1.5048673152923584,189.96656000000002
1.60520601272583,186.37951999999999
1.705634593963623,186.11402999999999
1.8060553073883057,182.21938
1.9065027236938477,182.50380999999996
2.006885528564453,103.49032999999999
2.1073057651519775,101.42858
2.2076778411865234,100.65342999999999
2.308032989501953,100.70164
2.408402919769287,103.52085
2.508784294128418,105.57713
2.6091346740722656,184.89211
2.7095084190368652,186.79639
2.809826135635376,186.73657999999998
2.9101979732513428,190.31323999999998
3.01066517829895,183.08303
3.1110455989837646,173.25333
