Time (s),GPU 0 Power (W)
0.10020017623901367,51.68
0.23515558242797852,51.78
0.36693239212036133,51.78
0.496715784072876,51.69
0.6252508163452148,51.99
0.753467321395874,51.69
0.8811354637145996,51.69
1.0125765800476074,51.69
1.1430745124816895,52.67
1.2747206687927246,52.38
1.4056422710418701,52.28
1.5365536212921143,52.09
1.6689229011535645,52.09
1.8013944625854492,51.89
1.931668996810913,52.09
2.065382242202759,51.78
2.1999287605285645,52.77
2.336507558822632,53.57
2.4637832641601562,52.88
2.596688985824585,53.17
2.728813409805298,53.38
2.861990451812744,55.03
