Time (s),GPU 0 Power (W)
0.10019350051879883,53.07
0.23381948471069336,52.18
0.36096978187561035,52.09
0.4887993335723877,52.09
0.6162784099578857,51.98
0.7441754341125488,52.09
0.8743457794189453,52.09
1.0034911632537842,54.25
1.1379847526550293,53.18
1.2683486938476562,53.28
1.3977024555206299,52.57
1.5258240699768066,47.76
1.6542651653289795,46.19
1.7851002216339111,44.9
1.914170503616333,53.28
2.0450034141540527,53.47
2.1961965560913086,53.65
2.326403856277466,54.15
