Time (s),Package Power (W)
0.10605645179748535,331.61108999999993
0.20630526542663574,244.4995
0.3065073490142822,210.08308
0.40669894218444824,216.72491
0.5069189071655273,203.68051
0.607349157333374,180.79421
0.7077217102050781,181.21414000000001
0.8080804347991943,180.10269
0.9084265232086182,180.88636999999997
1.0087759494781494,180.27237
1.109121322631836,180.17409999999998
1.2094647884368896,180.44815
1.3098092079162598,179.6083
1.4101486206054688,183.50966
1.5104973316192627,188.30763
1.6108474731445312,188.36865000000003
1.7112233638763428,187.47328000000002
1.811628818511963,193.49070999999998
1.9119980335235596,186.43446
2.012502431869507,159.87691
2.1129233837127686,137.62843999999998
2.2133049964904785,193.21117
2.3136589527130127,193.35583
2.414010524749756,193.85632
2.5145442485809326,190.38524999999998
2.614933490753174,190.77649
2.7153375148773193,158.23201
2.815845489501953,102.71764
2.916231393814087,103.801
3.0165984630584717,102.98924
3.1169469356536865,101.29735
3.2173073291778564,102.9575
3.3176827430725098,139.66882999999999
3.418213367462158,192.05638999999996
3.5185935497283936,193.54869999999997
3.618966579437256,185.75635999999997
3.719353675842285,194.50206
3.8198089599609375,193.00916
3.9201674461364746,192.20835999999997
4.020503997802734,192.41651
4.1208391189575195,192.80222999999998
4.221166372299194,187.96033999999997
4.321539640426636,156.14095999999998
4.421976089477539,101.50852
4.522335767745972,99.30699999999999
4.6226983070373535,115.76997
