Time (s),Package Power (W)
0.30045247077941895,264.31166
0.601090669631958,206.79756666666668
0.9018275737762451,203.7669766666667
1.202514410018921,199.6491466666667
1.5032322406768799,202.87260666666668
1.8039727210998535,202.95419333333334
2.104713201522827,201.60043666666667
2.405442237854004,203.77918
2.706149101257324,199.50815666666668
3.0068671703338623,183.29461333333333
