Time (s),GPU 0 Power (W)
0.10017967224121094,34.56
0.2718963623046875,36.14
0.41892433166503906,35.84
0.5507149696350098,36.34
0.67806077003479,36.24
0.809802770614624,36.14
0.9564135074615479,36.03
1.0884301662445068,36.14
1.2187449932098389,36.73
1.350154161453247,36.92
1.4830002784729004,37.62
1.6067609786987305,53.38
1.782137393951416,52.38
1.9276056289672852,52.48
2.0593812465667725,52.67
2.1904098987579346,52.38
2.319800853729248,52.38
2.4514083862304688,52.67
2.580477476119995,52.48
2.7270569801330566,52.38
2.8589773178100586,53.47
2.9904582500457764,52.38
3.1223678588867188,52.38
3.254979133605957,52.38
3.4037318229675293,52.57
3.535513162612915,52.47
3.665841579437256,52.77
3.7986133098602295,52.48
3.9501216411590576,52.87
4.099904775619507,52.48
4.23089075088501,52.48
4.360754489898682,52.48
4.491697072982788,52.38
4.640440225601196,52.09
4.770715236663818,53.67
4.913113117218018,55.03
