Time (s),Package Power (W)
0.30053067207336426,179.96027333333336
0.6013884544372559,117.17743666666667
0.9022314548492432,115.62592333333333
1.2031044960021973,113.95417333333333
1.503960132598877,169.36317666666667
1.8047730922698975,193.09358
2.105520248413086,192.0555766666667
2.406277656555176,194.71080666666666
2.706876039505005,154.47002333333336
3.0075464248657227,172.51624333333336
