Time (s),Package Power (W)
0.10026216506958008,323.13516
0.2006664276123047,255.50226999999998
0.30105090141296387,203.34848
0.4014248847961426,208.56026
0.5018258094787598,203.76595999999998
0.6021652221679688,200.25462
0.7025086879730225,206.67732999999998
0.802971363067627,204.95064
0.9033410549163818,200.64889999999997
1.0036776065826416,205.16794
1.1041510105133057,203.01949
1.2045135498046875,204.1401
1.3048527240753174,203.50168
1.4051401615142822,202.67831999999999
1.5055124759674072,206.61994999999996
1.6058647632598877,209.51972
1.7062060832977295,211.4692
1.8065900802612305,208.64263999999997
1.9069502353668213,211.89338999999998
2.0072851181030273,213.93926
2.1076362133026123,202.41402999999997
2.207988739013672,210.47675999999998
2.3083369731903076,209.73945999999998
2.4086694717407227,207.14667999999998
2.508967161178589,201.72494999999998
2.6094586849212646,208.20808999999997
2.709841251373291,210.53168
2.8103384971618652,205.47432999999998
2.9107229709625244,201.43014999999997
3.01108717918396,211.97516
3.1114370822906494,206.08041
3.21193790435791,206.67060999999998
3.3123223781585693,209.52767
3.4126765727996826,199.79197
3.5130300521850586,201.58701
3.6133711338043213,206.93122000000002
3.7136268615722656,200.26254999999998
3.814110279083252,194.85241000000002
