Time (s),Package Power (W)
0.10024023056030273,340.27195000000006
0.20078372955322266,251.72727
0.30118751525878906,205.80575
0.4015650749206543,212.31696
0.502091646194458,204.36532
0.6024520397186279,208.24348
0.7028369903564453,208.48153
0.8034002780914307,203.88801999999998
0.9040179252624512,204.65585
1.0045342445373535,205.45663
1.104921817779541,202.16439
1.2054145336151123,201.46616
1.3057961463928223,209.90791000000002
1.406229019165039,209.98299000000003
1.5066823959350586,205.82648999999998
1.6071069240570068,202.78207999999998
1.70751953125,208.58894999999998
1.8079719543457031,205.42977
1.9083523750305176,205.24361
2.008739471435547,208.52973999999998
2.1091997623443604,206.45210999999998
2.209538698196411,208.42475999999996
2.3100032806396484,209.90425000000002
2.4102790355682373,209.38971999999998
2.5105843544006348,201.3154
2.6110620498657227,200.50180999999998
