Time (s),GPU 0 Power (W)
0.10017824172973633,35.53
0.22769498825073242,36.04
0.35361814498901367,35.94
0.48572540283203125,35.94
0.6159260272979736,36.04
0.7522356510162354,35.94
0.8878388404846191,35.94
1.0202128887176514,36.04
1.1530373096466064,36.03
1.2874956130981445,36.34
1.419811725616455,36.53
1.5556602478027344,36.24
1.6858727931976318,36.92
1.8210461139678955,53.07
1.9558758735656738,54.15
2.087183713912964,53.76
2.2183635234832764,54.24
2.3506529331207275,53.18
2.485116481781006,53.28
2.6161887645721436,52.97
2.7508599758148193,53.38
2.882359743118286,54.15
3.0109167098999023,54.06
3.14392352104187,54.25
3.278559446334839,53.28
3.410252571105957,54.25
3.5414466857910156,53.38
3.6749536991119385,52.97
3.809843063354492,53.47
3.941831350326538,53.57
4.073530912399292,53.18
4.203872203826904,54.15
4.334660291671753,53.18
4.465424299240112,54.14
4.597642660140991,54.25
