Time (s),Package Power (W)
0.30045413970947266,259.03091333333333
0.6010777950286865,207.09114333333335
0.9018397331237793,203.94336333333334
1.2024729251861572,199.61476666666667
1.5031249523162842,200.95143000000004
1.8036508560180664,206.50887
2.104377269744873,206.90255
2.405104398727417,209.73395666666667
2.705833911895752,208.76289333333332
3.0064144134521484,209.01456333333334
3.3069796562194824,208.14481
3.607543706893921,200.8067766666667
