Time (s),Package Power (W)
0.3004601001739502,260.6633933333333
0.6010932922363281,205.79456
0.9016644954681396,201.37786000000003
1.2022435665130615,199.24916333333334
1.502798318862915,200.1101666666667
1.803330898284912,206.10176666666666
2.103893995285034,143.37508
2.404447078704834,114.75129333333334
2.7049803733825684,115.89265
3.0055503845214844,114.75658000000001
3.3061234951019287,115.41901666666666
3.606687307357788,114.93460333333334
3.9072530269622803,115.50894
4.207799434661865,114.85424
4.508373737335205,116.21084333333334
4.8089213371276855,113.5462566666667
5.10947585105896,110.94067333333334
5.41004753112793,177.65437333333335
