Time (s),Package Power (W)
0.10163617134094238,247.37851999999998
0.20194411277770996,171.05485000000002
0.30219554901123047,139.10854
0.40245723724365234,128.48293999999999
0.502673864364624,135.6863
0.6028938293457031,122.52532
0.703355073928833,101.93456
0.8038876056671143,100.69066
0.9042887687683105,99.95945999999999
1.0047249794006348,99.87645
1.1051924228668213,103.03562
1.2057054042816162,104.96739
1.3061442375183105,103.07713
1.406564474105835,102.69443
1.507025957107544,103.06796999999999
1.6074867248535156,120.82978
1.7079315185546875,146.58775999999997
1.8084352016448975,147.56126
1.9089381694793701,146.31554
2.0093374252319336,152.48497
2.1097300052642822,151.42051
2.210160255432129,151.86178999999998
2.3107078075408936,151.48642999999998
2.4111979007720947,145.85960999999998
2.5116939544677734,127.40873
2.6122045516967773,103.70457999999999
2.7126545906066895,106.88631999999998
2.813124656677246,104.44309
2.913600444793701,121.54632
3.01410174369812,125.25663999999999
3.114642858505249,127.64126999999999
3.2151215076446533,151.29173
3.315614700317383,148.92660999999998
3.4160614013671875,147.34215999999998
3.516486406326294,127.11819999999999
3.617013931274414,125.76689999999999
3.7177834510803223,127.52774
3.818136692047119,101.42858
3.918560028076172,100.73582999999999
4.018984079360962,102.73837999999999
4.119535207748413,102.79087999999999
4.219896554946899,103.03988999999999
4.320451736450195,101.77831
4.420891761779785,126.72574999999999
4.521395444869995,150.44576999999998
4.621817350387573,146.73486
4.722268581390381,150.04112
4.822714805603027,148.81675
4.923230886459351,139.59316
5.023762464523315,134.60963999999998
