Time (s),GPU 0 Power (W)
0.10019707679748535,34.57
0.23378658294677734,35.15
0.3650665283203125,35.05
0.49725842475891113,35.14
0.6288948059082031,35.05
0.7626538276672363,34.95
0.9131684303283691,35.14
1.0447108745574951,35.05
1.1763103008270264,35.14
1.3071987628936768,35.53
1.438720464706421,39.01
1.5877783298492432,39.01
1.717470645904541,38.6
1.8489913940429688,38.62
1.9803004264831543,38.62
2.1107704639434814,39.3
2.2412545680999756,53.76
2.3716773986816406,53.86
2.5002081394195557,55.72
2.6378283500671387,53.07
