Time (s),Package Power (W)
0.10038900375366211,269.04533
0.2009601593017578,151.73485
0.30149078369140625,135.08021
0.4019184112548828,128.8217
0.5022737979888916,128.39384
0.6027569770812988,116.98333999999998
0.7032997608184814,103.08628
0.8036956787109375,100.70287
0.904179573059082,100.76511999999998
1.0046217441558838,100.30674999999998
1.1051008701324463,100.15294999999999
1.2054977416992188,100.86704
1.3059167861938477,100.80418999999999
1.4063050746917725,101.25402000000001
1.5067377090454102,129.11648
1.6071257591247559,145.93834999999999
1.7075214385986328,143.2229
1.8080368041992188,144.74695
1.908499002456665,142.94518
2.0088820457458496,118.09174999999999
2.1092755794525146,101.07701
2.2097394466400146,100.76938999999999
2.310120105743408,100.86095
2.4104998111724854,101.12279000000001
2.510981798171997,102.08531
2.6114158630371094,130.39518
2.7117979526519775,144.49363999999997
2.812317132949829,147.17003999999997
2.9127111434936523,147.72483999999997
3.013176918029785,144.66332
3.1136341094970703,141.83984999999998
3.2140724658966064,138.14417
3.3145077228546143,126.45353
