Time (s),GPU 0 Power (W)
0.1002047061920166,51.69
0.2931637763977051,51.69
0.4237823486328125,51.78
0.5564589500427246,51.59
0.6857829093933105,51.69
0.8372800350189209,51.88
0.9693398475646973,34.08
1.157618761062622,34.85
1.2915492057800293,34.37
1.429208755493164,35.53
1.5670676231384277,35.94
1.701892614364624,35.44
1.8348276615142822,35.53
1.9684443473815918,36.14
2.1024539470672607,35.94
2.2349376678466797,53.85
2.4161744117736816,55.43
2.6571688652038574,54.93
