Time (s),Package Power (W)
0.10028338432312012,143.89184
0.2006843090057373,144.50098
0.30109286308288574,140.01855999999998
0.4014577865600586,143.70874
0.5018048286437988,140.98901
0.6021244525909424,140.96827
0.7024631500244141,143.52257999999998
0.8028998374938965,142.66137999999998
0.9032642841339111,143.02209999999997
1.0035889148712158,142.61254
1.1039741039276123,143.45544999999998
1.204314947128296,142.98668999999998
1.3046519756317139,142.21703999999997
1.4050006866455078,143.87354000000002
1.5055313110351562,150.70152
1.60589599609375,145.47019999999998
1.706247091293335,146.63903999999997
1.80678129196167,145.60630999999998
1.90718412399292,147.23046
2.0075364112854004,145.35119
2.10805344581604,145.14794999999998
2.2085773944854736,145.91271
2.308936595916748,150.13388999999998
2.4092884063720703,150.56725
2.509732246398926,149.32394
2.6100668907165527,150.63560999999999
2.710399627685547,146.93993
2.810889482498169,139.23059999999998
2.9112720489501953,138.90041
