Time (s),GPU 0 Power (W)
0.10016965866088867,35.94
0.25104475021362305,35.64
0.38098597526550293,35.74
0.529090404510498,35.64
0.6608338356018066,35.64
0.8069024085998535,35.64
0.9399371147155762,35.64
1.0727276802062988,35.64
1.202540397644043,36.44
1.3350188732147217,36.34
1.4664618968963623,36.03
1.597386121749878,40.19
1.7539796829223633,54.54
1.9023523330688477,54.64
2.0328586101531982,54.54
2.1640615463256836,54.64
2.3091042041778564,54.64
2.4368863105773926,54.64
2.567246913909912,54.64
2.7162139415740967,54.54
2.8483097553253174,54.54
2.9791760444641113,54.54
3.1089892387390137,54.04
3.2544050216674805,53.57
3.38466477394104,54.64
3.5163679122924805,56.61
