Time (s),GPU 0 Power (W)
0.10017681121826172,55.64
0.2644495964050293,55.64
0.393538236618042,55.62
0.5238299369812012,55.62
0.6712255477905273,55.62
0.8047580718994141,55.43
0.9397180080413818,55.72
1.0874598026275635,55.62
1.2185277938842773,55.62
1.345651626586914,55.62
1.4750525951385498,55.62
1.6205108165740967,47.47
1.7547714710235596,36.64
1.9065163135528564,36.54
2.0423288345336914,106.01
2.220580577850342,141.12
2.357131004333496,218.01
2.490792751312256,217.15
2.624512195587158,215.08
2.779794931411743,215.48
2.9128618240356445,217.3
3.0477302074432373,218.69
3.1833102703094482,214.7
3.3134148120880127,216.04
3.447047472000122,218.17
3.580202579498291,218.2
3.714855432510376,216.14
3.885530710220337,217.3
4.019960641860962,217.22
4.155309438705444,218.39
4.2902672290802,217.4
4.425081253051758,218.65
4.561158180236816,217.52
4.738405704498291,222.15
4.913222789764404,222.46
5.048795938491821,221.12
5.220093488693237,220.75
5.355501890182495,222.11
5.4919610023498535,220.94
5.626950025558472,221.51
5.7629218101501465,220.58
5.898343801498413,221.79
6.03268027305603,222.34
6.1709582805633545,222.32
6.347289085388184,221.6
6.492364406585693,221.65
6.629387378692627,221.65
6.78510046005249,220.15
6.920681715011597,220.63
7.0764319896698,222.4
7.248178482055664,223.16
7.384294509887695,220.18
7.519665956497192,222.19
7.651475667953491,222.99
7.790707588195801,222.88
7.925048589706421,221.25
8.059689283370972,223.52
8.194353580474854,221.17
8.364262104034424,222.82
8.51628041267395,223.43
8.664247035980225,220.27
8.81732439994812,223.1
8.95293927192688,221.91
9.088072299957275,223.67
9.222828149795532,222.35
9.359538555145264,222.68
9.494221448898315,221.93
9.625372171401978,222.04
9.761547803878784,223.79
9.89734697341919,224.57
10.052429676055908,220.6
10.187190055847168,224.34
10.335884809494019,223.27
10.471654415130615,223.1
10.607769966125488,223.22
10.74402379989624,224.91
10.879043817520142,221.81
11.015448093414307,222.82
11.151623964309692,223.82
11.290393829345703,223.2
11.42446255683899,222.13
11.56255841255188,223.56
11.696268081665039,223.59
11.831656694412231,224.19
11.984130144119263,222.71
12.119305849075317,225.43
12.274383783340454,222.64
12.405574083328247,223.58
12.540260076522827,224.76
12.687920808792114,224.2
12.821661472320557,222.52
12.978284358978271,223.95
13.113957166671753,194.25
13.339058637619019,62.49
