Time (s),Package Power (W)
0.30051279067993164,184.98040333333333
0.6013000011444092,124.35922000000001
0.902036190032959,120.26824666666668
1.2026660442352295,117.18191333333336
1.503246545791626,113.69783000000001
1.8037159442901611,111.55183666666666
2.10447359085083,177.21166333333335
2.40507435798645,196.12437666666665
2.705641508102417,132.10700333333332
3.0062179565429688,110.04122000000001
3.3067896366119385,110.27458000000001
3.6073622703552246,109.77755
3.907926082611084,109.33891333333334
4.208488464355469,109.37146333333334
4.509055137634277,109.42863666666668
4.809597015380859,109.39852
5.110156297683716,109.27116666666669
5.410727262496948,109.09294000000001
5.711290597915649,109.66870666666668
6.0118513107299805,109.56616333333335
6.31238865852356,109.25651666666667
6.612944841384888,109.15723333333332
6.913510322570801,108.97433
7.214068174362183,109.0551
7.514631509780884,109.03313
7.815196990966797,109.32100999999999
8.115784168243408,108.45593666666666
8.416355609893799,108.73751333333334
8.716934204101562,108.38391999999999
9.01749062538147,108.70313000000002
9.318056583404541,108.25595
9.618620872497559,108.72124
9.919204235076904,108.41301000000001
10.219780445098877,108.30559
10.520352602005005,108.76233666666667
10.820909261703491,108.42705000000001
11.121462106704712,108.24252000000001
11.422030210494995,108.23397666666668
11.722586631774902,108.44149333333334
12.023147106170654,108.39938333333335
12.323713302612305,107.96399666666669
12.62424635887146,108.31209999999999
12.924829244613647,108.05372000000001
13.225388288497925,108.25737
13.525925636291504,107.65923000000001
13.826493978500366,175.54846333333336
