Time (s),GPU 0 Power (W)
0.10019850730895996,57.79
0.2312467098236084,57.69
0.3610808849334717,58.29
0.49230194091796875,57.4
0.6224064826965332,57.5
0.7541182041168213,57.59
0.8839011192321777,57.59
1.014343023300171,58.19
1.1415860652923584,57.99
1.2800443172454834,252.85
1.4187769889831543,254.5
1.5560975074768066,255.56
1.6927602291107178,249.93
1.8325369358062744,250.98
1.971416711807251,242.62
2.110395669937134,234.52
2.2507269382476807,243.4
2.3878495693206787,253.33
2.5249171257019043,255.18
2.6601362228393555,255.18
2.7974226474761963,248.55
2.9362950325012207,249.94
3.0735855102539062,242.63
3.2123873233795166,243.89
3.3497314453125,244.85
3.4853270053863525,258.57
3.6264431476593018,249.63
3.7650089263916016,251.18
3.904038667678833,252.92
4.040764808654785,246.52
4.176336288452148,246.33
4.3195085525512695,245.65
4.457214117050171,246.89
4.598104476928711,251.58
4.736837863922119,253.24
4.8777244091033936,253.54
5.018732070922852,245.24
5.160503625869751,247.47
5.299719572067261,247.79
5.438161373138428,247.69
5.577701091766357,252.18
5.712790012359619,253.92
5.849586009979248,248.08
5.989840269088745,247.88
6.128334283828735,248.15
6.265545129776001,247.88
6.405441761016846,247.78
6.548662424087524,247.89
6.690443277359009,254.69
6.828383445739746,248.08
6.966176748275757,248.55
7.10478401184082,248.17
7.243332862854004,248.36
7.379112958908081,248.36
7.516605854034424,248.76
7.6828083992004395,252.26
7.8114073276519775,254.79
7.949604511260986,247.39
8.078344345092773,246.43
8.21867036819458,248.65
8.347152709960938,248.85
8.475506782531738,248.95
8.613837718963623,248.95
8.742994546890259,253.71
8.881967306137085,246.24
9.084970951080322,251.87
9.230496644973755,245.83
9.368551969528198,251.98
9.508806228637695,245.84
9.64709758758545,250.4
9.78464150428772,252.38
9.922806978225708,249.34
10.062549352645874,252.54
10.200292110443115,246.41
10.3373441696167,250.81
10.479960203170776,247.08
10.622667789459229,61.41
10.762165307998657,61.03
10.89693546295166,62.09
