Time (s),GPU 0 Power (W)
0.1002049446105957,55.62
0.23332643508911133,55.53
0.3631460666656494,55.72
0.48906421661376953,55.53
0.6175646781921387,55.33
0.7499978542327881,55.33
0.8814487457275391,57.2
1.0154452323913574,256.43
1.1493940353393555,250.79
1.2826313972473145,251.76
1.4204604625701904,252.46
1.5532464981079102,252.06
1.6906452178955078,252.64
1.83097505569458,248.46
1.9664251804351807,239.59
2.104466199874878,249.82
2.243295907974243,255.28
2.3806614875793457,255.18
2.5176165103912354,253.33
2.6548542976379395,247.3
2.793884038925171,248.76
2.9322452545166016,241.34
3.0711827278137207,242.14
3.2151381969451904,250.61
3.3484315872192383,247.3
3.4851486682891846,255.47
3.620779514312744,248.15
3.760075807571411,254.31
3.899078369140625,242.42
4.038324594497681,243.12
4.17937445640564,250.2
4.319287538528442,255.75
4.457058668136597,256.53
4.594833850860596,248.93
4.732967138290405,247.98
4.871718645095825,248.74
5.011067628860474,245.84
5.148569345474243,245.45
5.28607439994812,250.42
5.425929546356201,256.64
5.565350532531738,253.81
5.702035427093506,243.2
5.843897581100464,249.04
5.981719017028809,244.47
6.119113922119141,247.1
6.251413583755493,252.27
6.387418985366821,251.38
6.526556968688965,249.53
6.659002065658569,249.55
6.798786401748657,249.04
6.9377219676971436,247.96
7.07306981086731,249.62
7.211483716964722,247.98
7.346320152282715,252.47
7.486057996749878,251.57
7.626605272293091,248.66
7.765217542648315,252.73
7.900793552398682,249.71
8.038456201553345,246.21
8.174906253814697,247.98
8.313333749771118,250.12
8.452856302261353,251.78
8.589038610458374,242.61
8.724714517593384,249.93
8.86269736289978,251.48
8.997554063796997,251.87
9.141696453094482,248.85
9.275542736053467,248.74
9.411721467971802,253.92
9.55191421508789,247.1
9.687715291976929,248.66
9.8259916305542,250.8
9.961949348449707,244.86
10.100569009780884,244.37
10.236663818359375,248.65
10.372270822525024,106.0
10.50704288482666,60.53
10.637468099594116,61.32
