Time (s),GPU 0 Power (W)
0.1001741886138916,35.64
0.23092079162597656,36.53
0.35324573516845703,36.34
0.4848811626434326,36.35
0.6163721084594727,36.44
0.7457270622253418,36.44
0.872734785079956,36.34
1.0053622722625732,37.52
1.1444337368011475,249.23
1.2858555316925049,256.04
1.4195497035980225,255.08
1.5580158233642578,255.37
1.6971290111541748,255.94
1.8358867168426514,255.75
1.9747109413146973,231.4
2.116516590118408,229.35
2.2565479278564453,248.46
2.3971149921417236,249.72
2.5342490673065186,250.23
2.673917055130005,250.31
2.8098859786987305,250.3
2.9470319747924805,250.5
3.0853869915008545,247.38
3.222862720489502,246.51
3.3574609756469727,252.06
3.4944329261779785,252.76
3.6339569091796875,244.37
3.7723782062530518,252.95
3.9127416610717773,243.8
4.0507121086120605,249.33
4.189341068267822,244.95
4.328794956207275,245.35
4.469250202178955,250.12
4.606604099273682,247.28
4.746250867843628,250.31
4.882213354110718,246.43
5.021369218826294,253.9
5.159177303314209,248.17
5.298781633377075,245.45
5.439791679382324,252.19
5.577744722366333,246.11
5.7155842781066895,253.62
5.854440450668335,248.46
5.992843866348267,252.74
6.129844427108765,248.17
6.267020225524902,246.79
6.407022476196289,251.46
6.547469854354858,247.08
6.687220573425293,254.0
6.827762842178345,248.84
6.9632391929626465,246.79
7.1026856899261475,250.02
7.276409387588501,246.6
7.405853748321533,254.38
7.542880058288574,248.07
7.681414604187012,252.38
7.82218599319458,253.23
7.961885452270508,246.92
8.09592580795288,253.63
8.235245943069458,247.58
8.372190952301025,249.04
8.508094787597656,247.77
8.646280765533447,247.0
8.784271240234375,248.95
8.928942441940308,248.56
9.067802906036377,254.3
9.207464456558228,249.14
9.346684694290161,249.23
9.481675863265991,249.42
9.620585918426514,248.15
9.76106858253479,254.01
9.898273229598999,250.1
10.036142826080322,247.79
10.174899101257324,249.34
10.308225154876709,250.21
10.446358442306519,88.76
10.57970404624939,56.22
10.714752674102783,60.83
