Time (s),Package Power (W)
0.3005244731903076,179.74034333333333
0.6012387275695801,110.11934666666667
0.9019906520843506,108.70252333333333
1.202639102935791,109.52771333333334
1.5032646656036377,109.45487666666665
1.8038825988769531,108.82316666666667
2.1044700145721436,109.23414000000001
2.4050405025482178,109.15662
2.7056057453155518,108.58838666666666
3.006171703338623,108.52918000000001
3.3067305088043213,107.81751666666665
3.6072890758514404,106.30608333333333
3.9078545570373535,106.96078333333332
4.208419561386108,106.91419666666667
4.508988618850708,105.87456666666667
4.809524059295654,106.35145333333334
5.110082387924194,106.02064333333334
5.410648822784424,106.32358000000002
5.711210489273071,106.26396666666668
6.0117692947387695,106.04648333333336
6.312330007553101,105.94903000000001
6.612886190414429,105.78036666666668
6.9134533405303955,106.17689333333334
7.214004278182983,106.00314666666668
7.514551639556885,106.11179
7.8151164054870605,106.24504999999999
8.115680456161499,106.19215000000001
8.416232824325562,105.98504000000001
8.716796875,105.77711333333333
9.01736307144165,105.80946333333333
9.317930221557617,106.81206333333334
9.618488311767578,105.66786
9.91902232170105,105.97141
10.219582080841064,105.87823
10.520133018493652,105.68698333333334
10.820691108703613,105.58810666666666
11.121255159378052,104.12774666666667
