Time (s),GPU 0 Power (W)
0.10019230842590332,55.33
0.23162174224853516,55.43
0.36395716667175293,55.43
0.49390459060668945,56.12
0.6229007244110107,55.33
0.7559835910797119,55.23
0.888923168182373,55.33
1.0205984115600586,55.82
1.152855634689331,254.39
1.29085111618042,249.91
1.4262313842773438,252.45
1.5633373260498047,252.16
1.7023465633392334,252.46
1.8368191719055176,252.64
1.9749834537506104,252.57
2.1158857345581055,241.74
2.2548015117645264,252.34
2.388033390045166,253.43
2.5222294330596924,250.13
2.6558597087860107,247.6
2.7942962646484375,255.56
2.9345614910125732,241.17
3.0719239711761475,242.22
3.2128098011016846,249.04
3.352755546569824,256.43
3.4916539192199707,251.28
3.629162549972534,247.88
3.769711494445801,255.76
3.908010959625244,243.98
4.051397323608398,242.22
4.192004919052124,241.84
4.3248608112335205,254.21
4.462865352630615,254.88
4.60477352142334,249.04
4.7433412075042725,256.43
4.8832972049713135,250.6
5.022310733795166,245.54
5.159626245498657,241.17
5.303164958953857,247.96
5.443258285522461,254.49
5.58661961555481,250.5
5.727246046066284,249.43
5.861890077590942,249.43
5.999013662338257,249.63
6.137807130813599,242.32
6.275122165679932,248.15
6.409454584121704,251.38
6.6163763999938965,249.63
6.753582954406738,249.82
6.887408971786499,249.93
7.016243934631348,250.42
7.1598005294799805,246.7
7.3011252880096436,246.79
7.438777923583984,252.16
7.580656290054321,246.81
7.71897029876709,251.58
7.862259149551392,247.0
8.00252389907837,252.06
8.141676187515259,241.74
8.28633189201355,250.12
8.427579164505005,251.98
8.564611196517944,250.61
8.701563119888306,250.31
8.839160442352295,247.21
8.978572130203247,250.71
9.113215923309326,248.17
9.248426675796509,247.96
9.38836669921875,248.84
9.526480197906494,250.8
9.667516231536865,250.99
9.807101011276245,249.91
9.941266775131226,249.62
10.078962564468384,248.25
10.21818232536316,247.79
10.356657028198242,249.72
10.494547367095947,251.37
10.628632068634033,58.19
10.763540506362915,60.83
10.896819353103638,62.6
