Time (s),GPU 0 Power (W)
0.10016655921936035,37.52
0.2294330596923828,37.91
0.35420823097229004,37.91
0.48455142974853516,37.91
0.6137723922729492,37.91
0.7445957660675049,37.91
0.8765661716461182,37.91
1.0086193084716797,39.01
1.1463613510131836,251.07
1.286672830581665,249.62
1.4225502014160156,250.51
1.5571048259735107,250.69
1.6935546398162842,250.8
1.8318686485290527,251.29
1.973283290863037,246.81
2.111786127090454,240.47
2.2531168460845947,255.37
2.44624924659729,247.88
2.58095383644104,253.32
2.718251943588257,254.4
2.859067678451538,253.22
3.0049691200256348,248.54
3.141789674758911,246.31
3.2803611755371094,251.87
3.420724391937256,247.79
3.5635643005371094,252.36
3.7013487815856934,247.27
3.8385746479034424,246.51
3.9757864475250244,248.07
4.1118950843811035,249.14
4.247798681259155,247.17
4.387701749801636,247.28
4.532314777374268,253.52
4.675132751464844,246.71
4.809056758880615,247.41
4.947835206985474,254.0
5.080949306488037,248.85
5.216500759124756,249.43
5.352795839309692,247.78
5.488976001739502,249.44
5.625622749328613,253.82
5.765032768249512,250.23
5.9026618003845215,248.46
6.0399181842803955,247.88
6.17411994934082,251.37
6.31101393699646,248.36
6.447372198104858,248.66
6.583270788192749,248.17
6.7204670906066895,251.57
6.854325294494629,249.71
6.990049123764038,248.46
7.126245498657227,248.95
7.266412734985352,248.84
7.405318975448608,249.41
7.541738748550415,248.55
7.681233167648315,248.92
7.817083835601807,249.04
7.955392837524414,249.14
8.091101169586182,249.25
8.2283775806427,249.14
8.36721134185791,250.51
8.499617576599121,250.99
8.638096332550049,243.22
8.77751111984253,246.6
8.91745901107788,250.69
9.05379605293274,249.23
9.193966627120972,250.32
9.328613042831421,251.37
9.467596054077148,249.53
9.600924730300903,246.32
9.739563226699829,246.51
9.8761568069458,250.7
10.01653003692627,249.74
10.151450157165527,249.52
10.28858757019043,250.21
10.42626667022705,252.27
10.554860830307007,57.5
10.687542200088501,58.38
10.81607174873352,61.43
