Time (s),GPU 0 Power (W)
0.10020279884338379,55.72
0.3492414951324463,55.53
0.48324108123779297,55.53
0.6144745349884033,55.33
0.7489326000213623,55.32
0.8949756622314453,55.53
1.0233595371246338,56.51
1.1570141315460205,256.83
1.2902984619140625,251.27
1.430530309677124,252.17
1.5888073444366455,252.16
1.723257064819336,252.46
1.8799703121185303,252.84
2.0227627754211426,239.71
2.1617813110351562,246.89
2.3053295612335205,253.41
2.444408893585205,253.33
2.6028878688812256,253.82
2.7419955730438232,255.56
2.8740177154541016,247.1
3.0118954181671143,243.12
3.149669885635376,241.73
3.2899012565612793,247.57
3.4293010234832764,256.34
3.569906234741211,247.79
3.7281570434570312,254.31
3.866283416748047,249.52
4.004342317581177,242.04
4.160287380218506,242.33
4.297914505004883,248.55
4.435572385787964,254.79
4.563530921936035,250.51
4.700148582458496,252.27
4.85921311378479,250.69
4.998559951782227,243.99
5.136601209640503,242.84
5.269532203674316,247.19
5.407406568527222,253.43
5.545456171035767,250.42
5.685601711273193,256.15
5.825319290161133,255.94
5.961250066757202,250.02
6.098247289657593,244.66
6.238084554672241,242.93
6.375499725341797,249.23
6.554411172866821,249.83
6.723413944244385,249.64
6.879556894302368,249.33
7.0159852504730225,249.93
7.151997327804565,249.71
7.289046764373779,243.8
7.425273180007935,251.0
7.567091941833496,250.13
7.724044322967529,250.13
7.8606250286102295,249.63
7.998826265335083,250.23
8.158833980560303,243.8
8.29664421081543,244.37
8.430200815200806,252.26
8.58444094657898,250.51
8.717799186706543,250.69
8.914966821670532,247.19
9.052943229675293,249.53
9.204742193222046,247.3
9.33993148803711,247.69
9.473119735717773,253.62
9.609797239303589,250.02
9.748676061630249,247.87
9.887578248977661,247.59
10.024085283279419,248.27
10.160848617553711,247.59
10.299298763275146,248.16
10.436490535736084,247.88
10.58580756187439,59.87
10.716341972351074,58.98
10.88105320930481,58.69
