Time (s),Package Power (W)
0.3005256652832031,186.80697666666666
0.6012065410614014,127.62642333333332
0.9019069671630859,122.50314333333336
1.20261549949646,119.88983333333333
1.5033354759216309,119.89674666666666
1.804029941558838,140.55566666666667
2.104701280593872,198.34727333333333
2.405355930328369,147.88109000000003
2.706089735031128,167.82102666666668
3.006824254989624,115.44912666666667
3.3074910640716553,115.84666333333334
3.6080849170684814,115.87291333333333
3.908808469772339,115.11831666666666
4.20949912071228,136.7774
4.5102317333221436,196.82262
4.810958623886108,196.0783966666667
5.111634969711304,195.71767666666668
5.412283897399902,195.53396333333336
5.712921142578125,194.84549
6.013524055480957,194.62230333333335
6.314109802246094,194.16047666666668
6.614870548248291,194.5600466666667
6.91556453704834,194.38365666666667
7.216296672821045,194.0290466666667
7.5170066356658936,194.50593
7.817668914794922,194.24531333333334
8.118401050567627,194.43981000000002
8.419000625610352,194.37836666666666
8.71966814994812,194.04898333333333
9.020379304885864,193.90982
9.320974826812744,194.31001
9.621561527252197,194.00178333333335
9.922142028808594,194.82921333333334
10.222735404968262,193.98163666666667
10.523325204849243,194.82575666666668
10.823885679244995,181.79132333333334
11.124491930007935,174.87951666666666
