Time (s),GPU 0 Power (W)
0.10019588470458984,53.08
0.3144075870513916,53.08
0.4442403316497803,53.18
0.5879313945770264,52.97
0.7200114727020264,52.97
0.8657748699188232,53.28
0.9957008361816406,52.97
1.1274921894073486,52.97
1.2570595741271973,53.18
1.3897879123687744,43.93
1.5873866081237793,34.86
1.7213964462280273,44.21
1.8549854755401611,119.99
2.047855854034424,45.5
2.2407920360565186,53.28
2.4488563537597656,52.97
2.58078670501709,53.07
2.732666492462158,53.38
2.8629567623138428,53.18
3.011906862258911,52.97
3.14322829246521,53.08
3.269315242767334,53.08
3.4027185440063477,53.08
3.534132480621338,52.97
3.662458896636963,53.08
3.79482102394104,41.28
3.9881503582000732,34.08
4.124920606613159,34.08
4.25837779045105,34.08
4.430008888244629,33.98
4.6043524742126465,33.98
4.737319469451904,34.08
4.865739583969116,33.98
4.99137806892395,34.08
5.125531196594238,33.98
5.250105857849121,33.88
5.401829481124878,34.08
5.534776449203491,33.88
5.662883996963501,34.08
5.79747200012207,33.98
5.945864915847778,33.88
6.078336477279663,33.88
6.209445953369141,33.88
6.339136123657227,33.88
6.473263740539551,34.27
6.627694606781006,33.88
6.762006044387817,33.88
6.89416766166687,34.08
7.0271031856536865,33.98
7.157899856567383,33.88
7.289769887924194,34.08
7.422760486602783,33.88
7.55682635307312,33.88
7.709903001785278,34.08
7.8419177532196045,33.98
7.974058628082275,33.98
8.107056379318237,33.88
8.275522708892822,33.88
8.445835590362549,33.98
8.597811460494995,33.98
8.735808849334717,33.88
8.871709823608398,33.98
9.021692037582397,33.88
9.155287027359009,33.98
9.325870037078857,33.88
9.458545207977295,33.98
9.609820365905762,34.26
9.744010925292969,33.98
9.878772974014282,33.88
10.010249614715576,34.08
10.14272665977478,33.88
10.313792705535889,34.67
10.448001146316528,166.04
10.62916874885559,45.0
10.810792207717896,55.22
