Time (s),Package Power (W)
0.30049753189086914,186.93983
0.6010580062866211,125.49589333333336
0.9017953872680664,120.41757666666668
1.202608585357666,118.11432333333335
1.5031630992889404,117.04804000000001
1.8039867877960205,116.95303000000001
2.1047751903533936,116.58315666666667
2.4054601192474365,168.83033666666668
2.7061057090759277,195.63975666666667
3.0066888332366943,195.77851
3.3073480129241943,195.33946999999998
3.6080985069274902,195.38463000000002
3.9088282585144043,194.47297333333336
4.209484338760376,193.92752333333334
4.510069131851196,193.75113
4.810714483261108,192.93631333333335
5.111380100250244,193.38594
5.412112236022949,192.63032333333334
5.71272349357605,192.56217000000004
6.013362884521484,193.79324666666668
6.314098834991455,194.61010000000002
6.614835500717163,194.14521333333337
6.9155659675598145,194.58548000000002
7.216240167617798,194.5262766666667
7.516894102096558,195.39134333333334
7.817603349685669,194.93053
8.118260383605957,193.99141
8.41875147819519,193.9244666666667
8.719447612762451,194.77286000000004
9.0200777053833,194.39342333333335
9.320833206176758,194.58934333333332
9.621575117111206,193.81359333333333
9.922307014465332,194.21703333333335
10.223031044006348,194.62555666666668
10.523499488830566,194.40990333333332
10.824226379394531,194.16942666666668
11.124931812286377,194.33727000000002
11.425528049468994,194.17227333333335
11.726231813430786,194.17878333333334
12.026819705963135,194.56717
12.327494382858276,194.18773333333334
12.628127336502075,195.14293333333333
12.928740978240967,197.77761000000004
13.22937560081482,197.14203333333336
13.530003070831299,197.60386333333335
13.830634355545044,197.31944333333334
14.131253480911255,197.06879
14.431529998779297,197.31415
14.732248544692993,196.78294333333335
15.032851934432983,197.2411166666667
15.333520412445068,196.93125666666666
15.633995532989502,197.13918333333336
15.934680223464966,197.68707666666668
16.235345602035522,196.2914066666667
16.536015510559082,151.54177
16.836684703826904,178.06249
17.13727903366089,195.89651333333333
17.437846660614014,196.30890333333335
17.738457441329956,196.77460000000002
18.039101600646973,195.29918666666666
18.33976101875305,196.44114333333334
18.640310049057007,195.5305066666667
18.940880060195923,195.67577
19.24151587486267,196.1941566666667
19.542131185531616,195.07864333333333
19.84276294708252,182.93451000000002
20.14350414276123,110.93172333333334
