Time Elapsed (s), sys_mem_r(MB/s), sys_mem_w(MB/s), total(MB/s)
0.000135613,651.413,601.714,1253.13
0.0999129,406.634,339.973,746.607
0.199618,592.938,664.904,1257.84
0.300388,789.926,658.854,1448.78
0.400125,337.265,284.996,622.262
0.500736,802.859,573.804,1376.66
