Time (s),Package Power (W)
0.10028886795043945,106.42612
0.20073151588439941,109.45712
0.30117082595825195,103.16258
0.4015195369720459,104.71531
0.5018839836120605,104.91976999999999
0.6022288799285889,103.989
0.7026200294494629,100.34093
0.8029875755310059,101.59641
0.9033455848693848,100.72728999999998
1.0036907196044922,100.76207
1.1040825843811035,100.31528999999999
1.2044293880462646,100.08092
1.304800271987915,100.20054999999999
1.4051525592803955,100.1853
1.5055036544799805,100.2927
1.6058592796325684,99.76476999999998
1.7061901092529297,100.63632999999999
1.8065690994262695,100.34642
1.9069328308105469,100.10166999999998
2.007277488708496,100.79259
2.1076033115386963,99.69336
2.2079384326934814,100.79197
2.3083302974700928,100.05773
2.4086480140686035,100.42026999999999
2.509002685546875,100.39769
2.609347105026245,99.56883999999998
2.7096822261810303,100.27685
2.8100244998931885,100.28293999999998
2.910385847091675,99.73485
3.0107152462005615,100.59239999999998
3.111051321029663,100.22740999999999
3.2113707065582275,100.20908999999999
3.3117308616638184,100.18101999999999
3.412069082260132,100.77061
3.512413263320923,99.79101
3.6127612590789795,100.46788
3.713102340698242,100.70164
3.8134899139404297,99.31920999999998
3.9138541221618652,100.44651999999999
4.014203071594238,100.73339
4.114543199539185,99.76597999999998
4.214892625808716,100.69126999999999
4.315259218215942,99.75314999999999
4.415604114532471,100.87437999999999
4.515950679779053,99.80627
4.616293907165527,99.03783
4.716603755950928,97.63341
4.81699275970459,99.78124000000001
4.917349338531494,100.64976999999999
5.0176918506622314,102.33737999999998
5.117977857589722,101.26194999999998
5.21832275390625,102.25621
5.318674325942993,102.09996
5.419010877609253,103.03622999999999
5.51935887336731,102.94346999999998
5.619684457778931,102.09812
5.720020055770874,103.08506000000001
5.820378541946411,101.89976999999999
5.920753240585327,101.94554
6.021096467971802,102.11644
6.121372699737549,100.47093
6.22168231010437,99.79406
6.322049856185913,100.96288000000001
6.422388076782227,98.74302999999999
6.522736549377441,105.02964
