Time (s),Package Power (W)
0.300384521484375,163.719
0.6481497287750244,152.324
0.997204065322876,196.611
1.3453867435455322,199.438
1.692995548248291,204.014
2.041266441345215,234.541
