Time (s),Package Power (W)
0.3004486560821533,255.82576
0.6011490821838379,187.53593666666666
0.9017488956451416,185.36655333333334
1.2023468017578125,186.41757333333334
1.5029027462005615,191.56790999999998
1.8035104274749756,190.62064333333336
2.104043960571289,190.83223666666666
2.4045968055725098,193.00772666666668
2.7051432132720947,191.33557000000002
