Time (s),GPU 0 Power (W)
0.30037927627563477,36.44
0.6245181560516357,36.44
0.9485065937042236,36.34
1.2739832401275635,39.69
1.6049025058746338,53.85
1.9285016059875488,53.28
2.2520828247070312,52.28
2.5755743980407715,53.38
2.8988351821899414,53.28
3.2251176834106445,53.28
3.548677682876587,54.43
