Time (s),Package Power (W)
0.10024189949035645,325.31533999999994
0.20044708251953125,234.56299
0.30081844329833984,199.07052999999996
0.40117788314819336,198.97167
0.5015370845794678,197.53184
0.6019182205200195,198.73910999999998
0.7022840976715088,197.00083999999995
0.8026454448699951,199.08152
0.9030029773712158,216.13408999999996
1.0033600330352783,198.54990999999998
1.1037168502807617,198.14036000000002
1.2040681838989258,206.45820999999998
1.304422378540039,195.03124
1.404778242111206,201.7335
1.505150556564331,205.503
1.6055145263671875,202.28831
1.7058773040771484,201.97152000000003
1.8062491416931152,207.39998999999997
1.9066417217254639,206.46003999999996
2.0070064067840576,202.37252999999998
2.107382297515869,196.74754
2.207754373550415,205.3602
2.3081259727478027,204.16085
2.408506155014038,203.40890000000002
2.508878469467163,204.46604
2.6092493534088135,204.92621999999997
2.7096149921417236,203.24472
2.810006856918335,204.80356
2.9103758335113525,203.64326999999997
3.010747194290161,204.3525
3.111119508743286,203.63169
3.211505174636841,203.65304
3.3118722438812256,204.90793
3.4122414588928223,203.35945999999998
3.5126142501831055,201.68832999999998
3.612982749938965,192.07959000000002
3.713327646255493,223.14883
