Time (s),GPU 0 Power (W)
0.30040502548217773,50.91
0.6337769031524658,50.91
0.9714474678039551,51.3
1.3240687847137451,51.69
1.6555390357971191,51.39
2.0074172019958496,51.88
2.339359998703003,51.88
2.6710214614868164,51.78
3.0208425521850586,51.88
3.3521950244903564,51.99
3.683931350708008,51.88
4.0158727169036865,51.88
4.3676981925964355,51.88
4.6998913288116455,52.78
5.033067226409912,51.78
5.384045124053955,52.97
