Time (s),Package Power (W)
0.30043649673461914,290.49282666666664
0.6009359359741211,231.63820333333334
0.9014239311218262,232.51507
1.2019195556640625,233.5439166666667
1.5024220943450928,237.03003333333334
1.8028738498687744,235.2238066666667
2.103306293487549,237.66927
2.4037368297576904,238.64989999999997
2.704179048538208,283.52873666666665
