Time (s),Package Power (W)
0.3004331588745117,288.44856000000004
0.6008448600769043,232.2412266666667
0.9012455940246582,232.59482666666668
1.2016346454620361,232.57325666666665
1.5020191669464111,235.5596966666667
1.802429437637329,241.57226
2.102846384048462,240.58674333333335
2.4032609462738037,242.20336000000003
2.703686237335205,243.2106433333333
3.0041115283966064,241.86746333333332
3.3045341968536377,241.95087666666666
3.604945421218872,240.57433333333336
3.905376434326172,290.326
