Time (s),GPU 0 Power (W)
0.3003702163696289,51.78
0.6229543685913086,51.68
0.9446194171905518,51.78
1.266291618347168,52.77
1.5890319347381592,52.18
1.9111721515655518,53.26
2.234095811843872,53.17
2.5702083110809326,103.14
