Time (s),Package Power (W)
0.10033726692199707,88.72292999999999
0.20080041885375977,89.29297999999999
0.3012726306915283,90.78285000000001
0.4017035961151123,89.96680999999998
0.5021116733551025,90.67664
0.6025183200836182,90.48072999999998
0.7029159069061279,91.05018000000001
0.8033230304718018,90.53931999999999
0.9036931991577148,91.23267999999999
1.0040886402130127,90.52527999999998
1.1044774055480957,90.4142
1.2048776149749756,90.76819
1.3053443431854248,89.88441999999999
1.4057636260986328,88.98841999999999
1.5061659812927246,89.33143000000001
1.6065702438354492,89.80689999999998
1.706969976425171,88.85659
1.8073890209197998,91.51222
1.9077873229980469,92.18238
2.008180856704712,93.15466
2.108576774597168,94.97596000000001
2.2089760303497314,92.84767
2.3093855381011963,92.24463
2.4097931385040283,95.60704999999999
2.510181188583374,93.9878
2.6105713844299316,94.86852999999999
2.710955858230591,90.64063999999999
2.8113372325897217,92.57911
2.9117209911346436,93.34813999999999
3.012110710144043,92.90382000000001
3.112506628036499,92.51746999999999
3.212911605834961,92.71277999999998
3.313321590423584,91.45239
3.4137191772460938,92.48266999999998
3.514115571975708,93.19252
3.614513397216797,93.29260999999998
3.7149124145507812,91.47864999999999
3.81530499458313,91.68433
3.915692090988159,93.45800999999999
4.016078948974609,92.56324
4.1164655685424805,93.03931
4.21685528755188,92.87575
4.3172690868377686,92.12745
4.417635917663574,92.11828999999999
4.518025875091553,92.91418999999999
4.618424654006958,92.63525999999999
4.718817949295044,91.98889999999999
4.819214582443237,90.13342999999999
