Time (s),Package Power (W)
0.10023880004882812,329.60059
0.20049500465393066,246.50511
0.30083537101745605,202.89070999999998
0.40114879608154297,201.17381
0.5015215873718262,200.28512999999998
0.6018846035003662,213.75982999999997
0.7021920680999756,199.62535000000003
0.8025529384613037,202.65695
0.9029300212860107,200.85946999999996
1.0032954216003418,200.36507999999998
1.103649377822876,200.99009
1.2040073871612549,224.74491
1.304368019104004,219.34331
1.4047279357910156,203.51266
1.5050671100616455,204.87618
1.6053986549377441,201.42038999999997
1.7057251930236816,205.69099999999997
1.8060517311096191,201.22812
1.9063818454742432,199.14133999999999
2.006725311279297,221.90128
2.1070568561553955,205.85641
2.2073814868927,205.00131
2.3077032566070557,205.93819
2.4080393314361572,206.70113
2.508366107940674,203.06405999999998
2.608731508255005,194.60217
2.7090978622436523,231.46667999999997
