Time (s),Package Power (W)
0.30054235458374023,175.39058666666668
0.601395845413208,102.43890333333333
0.9020524024963379,101.19379333333333
1.2027552127838135,99.81541666666668
1.503415822982788,101.09634
1.804067850112915,100.99522333333333
2.1046226024627686,100.44021333333333
2.4052016735076904,100.3627
2.705780506134033,100.18
3.006361722946167,101.49957666666666
3.3069393634796143,101.25564333333335
3.607508420944214,99.75825
3.9081084728240967,168.83725333333334
