Time (s),Package Power (W)
0.10050177574157715,66.6844
0.20138096809387207,94.09521
0.30227088928222656,98.35547
0.40308547019958496,97.37401999999999
0.5039684772491455,98.26329000000001
0.6048388481140137,97.51318
0.7056601047515869,98.04356999999999
0.8064966201782227,96.89916999999998
0.9073915481567383,98.30418999999999
1.0082814693450928,97.53088
1.1090407371520996,97.65720999999999
1.209881067276001,97.51318
1.3107693195343018,98.17541
1.4116432666778564,97.75304999999999
1.5124752521514893,99.01768999999999
1.613236427307129,98.13268000000001
1.7140371799468994,98.67650999999998
1.814828872680664,98.34630999999999
1.9156105518341064,99.50353
2.0163004398345947,97.06089999999999
2.117079973220825,97.24278999999999
2.2178456783294678,98.97680000000001
2.318558931350708,99.22337999999999
2.4193363189697266,100.2561
2.5201148986816406,99.65489000000001
2.6208107471466064,99.78367999999999
2.7215380668640137,99.98996999999999
2.8223986625671387,100.02600000000001
2.9232125282287598,100.16208999999999
3.024012804031372,99.60606999999999
3.124732732772827,101.41086999999999
3.2254114151000977,101.39379
3.3261959552764893,100.05711
3.4269697666168213,99.87524
3.5276718139648438,99.40464999999999
3.628491163253784,100.37206
3.7292213439941406,100.03147999999999
3.830021858215332,99.65795
3.930717706680298,99.86546999999999
4.031511306762695,99.93932000000001
4.132298707962036,99.9271
4.232980012893677,99.68908
4.333680868148804,99.23742
4.434462308883667,100.11755000000001
4.53526496887207,100.19138
4.636076927185059,100.05407
4.736800193786621,99.77331
4.837592124938965,100.15904
4.93839693069458,98.8944
5.039181709289551,97.95384999999999
5.139899730682373,99.80260000000001
5.240689754486084,99.36071
5.341420650482178,98.27428
5.442190170288086,98.55565999999999
5.542928695678711,99.80686999999999
5.643795967102051,100.26707999999999
5.744624853134155,100.46117
5.845384359359741,99.62620999999999
5.946172475814819,97.3081
6.046952247619629,98.15464999999999
6.147744655609131,97.12073
6.248541831970215,100.15415999999999
6.349287748336792,99.63291999999998
6.450028419494629,100.10411999999998
6.5508177280426025,100.16881
6.651605606079102,98.6765
6.752316236495972,93.31824999999999
