Time (s),GPU 0 Power (W)
0.40052223205566406,61.01
0.8338301181793213,61.76
1.2682678699493408,63.22
1.7037906646728516,63.13
