Time (s),GPU 0 Power (W)
0.10015463829040527,48.494
0.21258807182312012,48.494
0.31274938583374023,48.701
0.41291213035583496,48.603
0.5130865573883057,48.603
0.6132738590240479,48.603
0.713477611541748,48.603
0.8136942386627197,48.603
0.9139163494110107,48.603
1.0141396522521973,48.603
1.114367961883545,48.603
1.2145965099334717,49.863
1.314791202545166,49.364
1.4149887561798096,48.993
1.5151841640472412,48.896
1.6153910160064697,49.967
1.715590238571167,48.993
1.8157908916473389,48.993
1.915984869003296,49.566
2.0161781311035156,49.961
2.116370677947998,49.961
2.216569662094116,50.065
2.3167665004730225,50.058
2.4169886112213135,50.351
