Time (s),Package Power (W)
0.3005192279815674,169.43194000000003
0.6012601852416992,102.37929666666666
0.9018619060516357,102.20026
1.2024788856506348,101.65318333333335
1.5030889511108398,101.61411666666667
1.8036913871765137,101.78156
2.1043007373809814,101.56203666666666
2.4049012660980225,102.35894666666667
2.70556378364563,99.97899333333334
3.006131172180176,99.88113333333334
3.306691884994507,99.95925666666668
3.6072537899017334,99.49376333333333
3.9078097343444824,99.40303
4.2083656787872314,99.24351666666666
4.5089192390441895,100.40908666666667
4.809477806091309,99.61603666666667
5.1100170612335205,99.63394
5.410569429397583,99.55927666666668
5.711120843887329,99.64533333333334
6.011646509170532,99.47993
6.312212228775024,99.59874333333335
6.612757921218872,99.51472000000001
6.913302659988403,99.52163333333334
7.2138543128967285,99.58776
7.514407157897949,99.42622
7.814962387084961,99.33446333333335
8.115489959716797,100.00015
8.416038513183594,99.51593666666666
8.716577291488647,99.61054666666668
9.017123460769653,99.52550000000001
9.317672967910767,99.23721333333333
9.618218421936035,99.59650666666667
9.918761014938354,99.27342666666667
10.219303607940674,99.55134
10.519876718521118,99.53791666666667
10.82044005393982,99.52000666666667
11.120971918106079,99.39143
11.421529531478882,99.38695000000001
11.722105503082275,99.39244666666667
12.022663831710815,99.60851000000001
12.323224067687988,99.37596666666667
12.623759508132935,99.62092
12.92432188987732,99.34972
13.224861860275269,99.56985666666667
13.525493383407593,99.09927
13.826058626174927,164.16564
