Time (s),GPU 0 Power (W)
0.300368070602417,53.86
0.624596118927002,53.65
0.94624924659729,54.64
1.2705180644989014,53.86
1.5911238193511963,53.67
1.911588191986084,35.44
2.2357077598571777,35.53
2.559237003326416,35.74
2.8849000930786133,35.44
3.208488702774048,35.54
3.532078742980957,35.53
3.855928897857666,35.44
4.180067777633667,35.53
4.505207777023315,35.53
4.828875780105591,35.44
5.152417898178101,35.44
5.476213455200195,35.54
5.799851179122925,35.44
6.123347282409668,35.53
6.446948766708374,35.45
6.771447658538818,35.84
7.098679780960083,35.44
7.4221978187561035,35.44
7.745890140533447,35.53
8.069401979446411,35.34
8.39304518699646,35.34
8.716745615005493,35.34
9.040362119674683,35.45
9.377618789672852,35.34
9.701327800750732,35.24
10.024884223937988,35.24
10.348741292953491,35.34
10.673057556152344,35.34
10.99774432182312,35.44
11.321524858474731,35.34
11.645105838775635,35.24
11.968628883361816,35.24
12.292054176330566,35.34
12.615667819976807,35.24
12.939411163330078,35.14
13.263301849365234,35.35
13.587351083755493,35.34
13.911688327789307,35.34
14.2352135181427,35.25
14.558703422546387,35.35
14.882426500320435,35.24
15.205979108810425,35.35
15.529538869857788,35.34
15.85312294960022,35.25
16.176992654800415,35.14
16.501289129257202,35.24
16.825419425964355,35.34
17.14976143836975,35.24
17.47328519821167,35.35
17.79700779914856,35.14
18.120543241500854,35.24
18.444044828414917,35.24
18.767691373825073,35.24
19.09140157699585,35.24
19.415454387664795,35.24
19.73988437652588,35.34
20.063364267349243,35.15
20.38689875602722,35.24
20.710570812225342,35.24
21.03412365913391,35.05
21.35782241821289,35.14
21.68140172958374,35.15
22.005045652389526,35.14
22.329187154769897,35.14
22.654468297958374,35.24
22.978051900863647,35.14
23.301555156707764,35.15
23.625113248825073,35.14
23.948739767074585,35.15
24.27274441719055,35.15
24.59624671936035,35.24
24.92036771774292,35.15
25.245956659317017,35.15
25.569286823272705,35.15
25.893059015274048,35.05
26.216654777526855,35.06
26.540252447128296,35.06
26.863927841186523,35.44
27.188388347625732,35.94
27.513842821121216,36.44
27.839452028274536,36.53
28.16303539276123,36.04
28.489925622940063,227.19
28.813706398010254,57.7
