Time (s),GPU 0 Power (W)
0.30040454864501953,53.28
0.6340887546539307,53.28
0.9651765823364258,53.38
1.2968089580535889,53.18
1.628633737564087,53.07
1.9580814838409424,53.57
2.2904751300811768,205.08
2.628143787384033,205.96
2.9635798931121826,207.82
3.299471139907837,210.17
3.6365697383880615,207.78
3.9721503257751465,209.98
4.378937244415283,207.55
4.724546670913696,210.52
5.049959659576416,209.57
5.376002550125122,208.59
5.701222896575928,209.82
6.0270302295684814,209.23
6.375493764877319,211.38
6.712686538696289,211.48
7.0477294921875,209.66
7.382972478866577,212.21
7.722945928573608,209.75
8.059301853179932,210.27
8.395326614379883,209.61
8.731497287750244,213.5
9.067536115646362,211.94
9.403815269470215,213.23
9.739155054092407,211.9
10.092312574386597,213.01
10.42761778831482,212.63
10.765421867370605,212.6
11.099770307540894,212.24
11.45592737197876,211.86
11.79430341720581,211.58
12.127313375473022,213.31
12.463979721069336,214.16
12.801040649414062,212.93
13.135555028915405,211.33
13.471125841140747,57.0
