Time (s),Package Power (W)
0.3004322052001953,293.88088000000005
0.6008932590484619,229.90663666666669
0.9012813568115234,229.66087
1.2016830444335938,229.34288
1.5020766258239746,229.61489
1.802459716796875,229.31805666666668
2.1028480529785156,229.33474
2.403219699859619,232.90162666666666
2.7036056518554688,233.35307999999998
3.003971576690674,232.52565
3.304340124130249,232.76042999999999
3.6047048568725586,232.23451666666668
3.9050683975219727,232.93010333333334
4.205449342727661,232.39748000000003
4.505813121795654,232.63653000000002
4.806246519088745,232.34051
5.106608152389526,232.47072
5.406970739364624,232.82675333333336
5.707334041595459,232.7626666666667
6.007697343826294,232.39829333333333
6.308062314987183,232.90488000000002
6.608425617218018,232.2570966666667
6.908789396286011,232.61577666666668
7.209151983261108,232.8232966666667
7.509512901306152,232.30613000000002
7.809874534606934,232.86927333333335
8.110259056091309,232.7441566666667
8.410622119903564,232.39585000000002
8.7109854221344,232.5213766666667
9.011346578598022,232.78016666666664
9.311708927154541,232.48231333333337
9.612069845199585,232.50042333333332
9.912431478500366,232.56491666666668
10.212795495986938,232.8363166666667
10.513158082962036,232.22515333333334
10.81352186203003,232.63205666666664
11.113884925842285,232.25445
11.414247035980225,232.75941333333333
11.714608907699585,232.74578333333335
12.014971017837524,232.94170666666665
12.315351009368896,286.22200333333336
