Time (s),GPU 0 Power (W)
0.3003671169281006,56.12
0.6232888698577881,55.82
0.944645881652832,55.82
1.2672362327575684,55.53
1.5887353420257568,55.53
1.9102141857147217,36.34
2.234315872192383,36.92
2.5603854656219482,239.69
2.888073444366455,253.14
3.214827537536621,253.42
3.5947258472442627,247.4
3.923786163330078,254.21
4.250933647155762,254.88
4.589054822921753,239.3
4.9187726974487305,255.66
5.245851039886475,249.42
5.572620391845703,240.29
5.899114608764648,249.43
6.226789951324463,249.83
6.554311513900757,249.92
6.8811354637146,251.88
7.207897186279297,250.12
7.536193609237671,248.08
7.8653435707092285,250.61
8.192238569259644,247.4
8.519278049468994,248.76
8.848378419876099,247.49
9.180328130722046,250.91
9.507043600082397,251.19
9.834925889968872,249.04
10.168457746505737,251.48
10.49548602104187,251.67
10.82282280921936,246.22
11.149877548217773,249.83
11.477515459060669,248.76
11.804210901260376,59.47
12.126085042953491,63.28
