Time (s),GPU 0 Power (W)
0.40053415298461914,61.08
0.8337862491607666,61.18
1.2666211128234863,87.88
1.70198392868042,61.16
2.1360862255096436,61.16
2.5700430870056152,61.18
3.0022244453430176,61.16
3.432096004486084,61.16
3.863377094268799,61.16
4.295133113861084,61.18
4.727851867675781,61.08
5.159301519393921,61.54
5.592674493789673,61.16
6.0259850025177,61.06
6.459455251693726,61.18
6.8919358253479,61.27
7.321922540664673,376.31
7.7590837478637695,61.37
