Time (s),Package Power (W)
0.300382137298584,167.195
0.6484811305999756,141.922
0.9969573020935059,140.938
1.3467516899108887,140.663
1.6963832378387451,140.61599999999999
2.047625780105591,140.804
2.399374485015869,140.929
2.7487645149230957,140.57299999999998
3.0990028381347656,140.623
3.4481005668640137,140.651
3.798403263092041,140.81599999999997
4.146718502044678,141.107
4.495734930038452,140.59300000000002
4.845318078994751,140.608
5.194197416305542,140.632
5.543564319610596,140.85899999999998
5.892702341079712,140.916
6.241840124130249,140.61200000000002
6.591850996017456,140.63400000000001
6.941504716873169,140.708
7.290989398956299,140.887
7.6398351192474365,140.83300000000003
7.98618483543396,140.609
8.335304260253906,140.582
8.683523416519165,140.773
9.032329797744751,140.868
9.382880210876465,140.763
9.733438491821289,140.675
10.08257532119751,140.599
10.432382106781006,140.73399999999998
10.782261610031128,235.92000000000002
