Time (s),GPU 0 Power (W)
0.30037760734558105,58.88
0.6240713596343994,58.59
0.9460234642028809,58.59
1.2678208351135254,58.49
1.5894391536712646,58.67
1.9116578102111816,37.81
2.2368855476379395,37.81
2.5619516372680664,37.81
2.8870604038238525,37.71
3.216219186782837,37.71
3.5421717166900635,37.71
3.867055892944336,37.71
4.191441059112549,37.62
4.516204357147217,37.52
4.842329502105713,37.62
5.166192531585693,37.52
5.492354869842529,95.01
5.814966201782227,109.59
6.137185335159302,135.65
6.459181308746338,111.45
6.781119108200073,146.25
7.1032373905181885,116.87
7.4257121086120605,125.34
7.747870922088623,108.3
8.069973230361938,135.22
8.39216423034668,111.71
8.714253664016724,148.39
9.036812782287598,126.49
9.358919858932495,122.63
9.68113112449646,106.38
10.003607749938965,130.11
10.326228618621826,109.78
10.651904106140137,113.28
10.97377347946167,142.69
11.29581904411316,116.2
11.618597507476807,140.9
11.941339492797852,127.14
12.2635338306427,119.35
12.585500478744507,117.68
12.907463073730469,123.38
13.22946810722351,106.18
13.551546096801758,107.07
13.873480319976807,129.46
14.195714235305786,107.95
14.517671585083008,133.73
14.839622497558594,109.89
15.161683797836304,111.61
15.483620882034302,142.97
15.805530071258545,114.85
16.127848625183105,146.33
16.449971914291382,118.2
16.771937608718872,118.43
17.095787048339844,117.03
17.418273448944092,121.32
17.740724325180054,105.4
18.0630943775177,124.4
18.387773275375366,127.2
18.710211992263794,107.56
19.032095670700073,132.23
19.35413408279419,109.72
19.675983667373657,110.93
19.997950315475464,138.41
20.32008457183838,113.38
20.642066478729248,143.69
20.964134693145752,115.24
21.286225080490112,121.31
21.608219146728516,107.45
21.93015432357788,125.55
22.252168893814087,106.76
22.574124336242676,125.78
22.896076679229736,127.89
23.218527793884277,107.92
23.540529489517212,129.54
23.86251187324524,110.18
24.1846604347229,135.01
24.50719165802002,135.95
24.829137802124023,112.72
25.151116609573364,141.3
25.473050355911255,114.16
25.79500913619995,146.59
26.117128372192383,147.08
26.43918776512146,117.56
26.761282682418823,135.56
27.083441734313965,120.38
27.408490657806396,122.25
27.73202419281006,63.38
28.062489986419678,59.35
