Time (s),GPU 0 Power (W)
0.30037832260131836,37.02
0.6516740322113037,37.02
0.9882838726043701,37.02
1.33827543258667,37.02
1.6742360591888428,37.02
2.026583433151245,35.64
2.359891176223755,35.75
2.7124099731445312,35.65
3.0472910404205322,35.54
3.384023904800415,74.47
3.7316184043884277,110.89
4.064544916152954,103.94
4.398901462554932,100.56
4.730093479156494,122.58
5.061668395996094,103.69
5.393718957901001,105.9
5.725671291351318,136.35
6.05727744102478,111.83
6.3894922733306885,118.42
6.7243430614471436,99.46
7.0606067180633545,118.78
7.392949104309082,101.59
7.725420236587524,102.48
8.057349443435669,123.13
8.389387607574463,102.91
8.721455335617065,102.19
9.053285837173462,120.83
9.385446548461914,101.43
9.717739582061768,100.85
10.052160739898682,115.22
10.385165691375732,120.48
10.718884944915771,138.71
11.049562692642212,109.71
11.382721185684204,135.7
11.71395492553711,107.1
12.046987771987915,104.45
12.380731344223022,121.21
12.713322401046753,101.73
13.045568227767944,113.37
13.37746286392212,113.0
13.709968090057373,140.8
14.041667461395264,130.9
14.37402892112732,105.11
14.705602169036865,124.06
15.03921627998352,119.86
15.369897842407227,105.39
15.702972888946533,112.47
16.034383535385132,141.68
16.367302656173706,134.38
16.697932720184326,105.11
17.03028416633606,127.29
17.361626386642456,122.38
17.694156169891357,101.14
18.025392293930054,115.32
18.35742974281311,111.42
18.689656496047974,139.93
19.02169156074524,108.99
19.353469848632812,132.01
19.684221029281616,128.58
20.01699662208557,104.55
20.349388122558594,122.78
20.68155312538147,118.18
21.013370513916016,112.55
21.34559655189514,114.62
21.67765760421753,113.42
22.009756326675415,141.29
22.357993125915527,109.22
22.692463874816895,107.63
23.025142669677734,130.95
23.357950687408447,105.41
23.7039897441864,104.5
24.03663945198059,124.88
24.369272232055664,103.07
24.701351404190063,103.11
25.0330650806427,119.17
25.36544418334961,101.92
25.698036909103394,58.4
26.03432869911194,55.93
