Time (s),Package Power (W)
0.10023713111877441,332.98620999999997
0.2004857063293457,247.07701
0.3006887435913086,205.60859999999997
0.400881290435791,201.76462
0.5010795593261719,203.60481999999996
0.6012783050537109,202.27182
0.7014687061309814,202.85349
0.8016595840454102,197.62157000000002
0.9018480777740479,198.17210000000003
1.0020387172698975,196.86045999999996
1.1022298336029053,198.73484
1.2024226188659668,199.52829
1.3026173114776611,200.92844
1.4028146266937256,197.35362999999998
1.5030102729797363,197.64474999999996
1.6032073497772217,199.61374999999995
1.7034037113189697,198.25938
1.8035993576049805,199.3043
1.9037957191467285,197.6002
2.0039925575256348,198.76719
2.1041877269744873,198.80625
2.2043817043304443,201.53391
2.3045802116394043,198.51512
2.4047765731811523,198.70370999999997
2.5049691200256348,198.20262
2.6051673889160156,198.27891
2.7053611278533936,198.29905
2.8055617809295654,197.60021
2.905757188796997,197.95420999999996
3.005948543548584,198.71835999999996
3.106145143508911,199.67295
3.206350088119507,197.47141999999997
3.3065617084503174,200.73800999999997
3.4067907333374023,201.25924999999998
3.507007598876953,201.46616
3.607224941253662,203.27280000000002
3.7074403762817383,203.51082999999997
3.807659149169922,202.92794
3.907883644104004,208.74459000000002
4.00809383392334,198.36252000000002
4.108267784118652,198.28134999999997
4.208441734313965,199.26097
4.308615446090698,198.26915
4.408787965774536,198.52549
4.508962154388428,199.61740999999998
4.609135389328003,197.70578999999998
4.7093095779418945,198.36863999999997
4.809484481811523,197.66916
4.909656047821045,199.90060999999997
5.009828090667725,197.4873
5.109999656677246,199.47763
5.210172891616821,205.49997
5.310348033905029,200.384
5.410554647445679,195.64219999999997
5.5107581615448,252.19174
