Time (s),GPU 0 Power (W)
0.3004281520843506,115.09
0.6343607902526855,113.77
0.9686944484710693,85.58
1.3041424751281738,153.55
1.6362767219543457,127.11
1.9697775840759277,111.42
2.3053674697875977,144.93
2.6380398273468018,87.01
2.971538543701172,124.26
3.304194211959839,107.71
3.6375646591186523,98.69
3.9759116172790527,166.49
4.309118270874023,85.45
4.643467664718628,153.31
4.976597547531128,89.76
5.307799577713013,151.53
5.638427734375,120.42
5.973170280456543,123.68
6.307458400726318,124.83
6.638734340667725,228.38
6.971230506896973,99.98
7.3022871017456055,150.33
7.635091066360474,240.27
7.967891216278076,124.06
8.299379825592041,95.78
8.628636837005615,145.96
8.96181035041809,128.03
9.293606042861938,244.76
9.625135898590088,107.96
9.957458257675171,130.59
10.290713787078857,216.43
10.622883796691895,172.07
10.956372737884521,90.42
11.287609815597534,243.43
11.619518280029297,102.36
11.952383518218994,165.05
12.283758640289307,105.92
12.615358352661133,86.54
12.948131322860718,155.72
13.279829025268555,165.6
13.61116623878479,102.94
13.945692539215088,155.98
14.277745008468628,146.55
14.610193014144897,96.89
14.941658020019531,203.44
15.274348020553589,111.55
15.607317447662354,74.95
15.9412841796875,78.42
16.273308038711548,128.75
16.606618404388428,97.3
16.94019603729248,95.03
17.27112054824829,151.93
17.60425090789795,129.73
17.937546491622925,74.1
18.268930196762085,78.44
18.602160692214966,116.26
18.93671441078186,93.3
19.26942467689514,72.64
19.60240411758423,73.72
19.936148405075073,101.04
20.26793932914734,66.23
20.59990406036377,72.28
20.932901620864868,72.47
21.26639986038208,70.33
21.597684383392334,75.63
21.932105779647827,85.99
22.26418709754944,69.36
22.5959894657135,66.68
22.93012309074402,71.21
23.261854648590088,64.38
23.594404220581055,68.23
23.9277606010437,66.11
24.26083731651306,70.65
24.594188451766968,63.7
24.928799152374268,67.07
25.26286745071411,65.05
25.595001459121704,65.06
25.928969144821167,69.37
26.257214069366455,67.55
26.590751886367798,63.72
26.924695253372192,64.1
27.254687309265137,67.36
27.587032079696655,62.64
