Time (s),Package Power (W)
0.10024166107177734,329.60853
0.200486421585083,252.93147999999997
0.3006880283355713,205.80331
0.4008758068084717,201.46432
0.5010595321655273,200.69102
0.60123610496521,202.5532
0.7014117240905762,204.06135999999998
0.8015875816345215,204.19747
0.9017651081085205,201.18113999999997
1.001945972442627,200.72701999999998
1.1021380424499512,201.58639999999997
1.2023262977600098,200.49570000000003
1.302511215209961,201.67002
1.4026918411254883,202.55989999999997
1.5028717517852783,202.28585999999999
1.6030528545379639,213.89655
1.703235387802124,200.57931
1.803419589996338,202.2291
1.9036009311676025,202.06246999999996
2.0037841796875,209.15839999999997
2.1039721965789795,202.36337999999998
2.204151153564453,198.23619
2.3043265342712402,199.04305999999997
2.404500722885132,197.61485999999996
2.5046768188476562,207.55133999999998
2.6048531532287598,201.17746
2.7050344944000244,198.32896999999997
2.8052093982696533,196.90683999999996
2.9053847789764404,197.64291999999998
3.0055594444274902,198.60607000000002
3.1057329177856445,198.89413999999996
3.2059082984924316,196.48753
3.306081533432007,198.94663999999997
3.406257152557373,198.00059
3.506431818008423,197.96092000000002
3.606546401977539,199.08335999999997
