Time (s),Package Power (W)
0.30037713050842285,182.499
0.6472930908203125,175.68200000000002
0.996253490447998,172.31900000000002
1.3453829288482666,180.412
1.6918952465057373,164.112
2.041532278060913,149.87099999999998
2.391573429107666,149.70499999999998
2.7415764331817627,145.62
3.0931363105773926,202.786
