Time (s),GPU 0 Power (W)
0.4005272388458252,186.28
0.8336875438690186,122.54
1.2687559127807617,196.71
1.7003750801086426,93.91
2.1353869438171387,63.77
2.5699775218963623,83.27
3.0431926250457764,61.26
