Time (s),GPU 0 Power (W)
0.10015153884887695,60.508
0.21500849723815918,60.508
0.31514954566955566,75.71
0.4152846336364746,74.228
0.515425443649292,63.369
0.6155798435211182,117.682
0.7157518863677979,79.931
0.8159444332122803,83.355
0.9161431789398193,100.456
1.0163438320159912,67.078
1.1165518760681152,78.945
1.216747522354126,83.331
1.3169448375701904,83.136
1.417140245437622,93.225
1.5173346996307373,68.737
1.6175282001495361,145.012
1.717724323272705,94.968
1.8179199695587158,142.521
1.9181180000305176,62.176
2.018310546875,52.433
2.118502140045166,49.967
2.2186930179595947,48.896
2.3188860416412354,49.675
2.4190776348114014,48.701
2.5192694664001465,48.397
2.6194610595703125,48.092
2.7196524143218994,48.201
2.8198435306549072,59.481
2.9200356006622314,66.288
3.0202269554138184,120.152
3.120417594909668,73.938
3.220609188079834,60.412
3.320814371109009,54.114
3.4210214614868164,50.448
