Time (s),GPU 0 Power (W)
0.100226879119873,63.83
0.255742073059082,78.19
0.3893635272979736,76.53
0.520763635635376,76.46
0.6520805358886719,179.48
0.7871518135070801,120.54
0.9215540885925292,131.4
1.054248332977295,120.03
1.2050487995147705,127.91
1.3364412784576416,131.9
1.467807054519653,120.96
1.600273847579956,132.1
1.733553171157837,131.71
1.8673527240753172,120.83
2.0004117488861084,131.99
2.132502555847168,132.02
2.263751268386841,113.01
2.394947052001953,125.3
2.552650213241577,125.4
2.705896377563477,125.4
2.8375747203826904,115.68
2.9684982299804688,125.29
3.09976577758789,125.29
3.232602119445801,125.6
3.36575698852539,125.83
3.500737190246582,115.79
3.634471654891968,125.55
3.767152547836304,125.68
3.9020822048187256,125.65
4.035980701446533,116.63
4.1674909591674805,125.72
4.29890251159668,125.84
4.430500030517578,125.93
4.563463449478149,126.19
4.6979944705963135,123.96
4.831668853759766,138.36
4.985018253326416,138.05
5.118368148803711,138.77
5.272935152053833,138.68
5.406107902526856,138.31
5.557772159576416,139.32
5.688985347747803,139.52
5.82057523727417,139.37
5.95278525352478,140.87
6.085541486740112,141.03
6.219614028930664,141.01
6.352764129638672,148.32
6.504070520401001,148.35
6.666978120803833,147.1
6.824366331100464,133.87
6.958349704742432,148.72
7.089807510375977,148.82
7.241004228591919,149.18
7.373515605926514,148.67
7.506429672241211,148.52
7.640547037124634,148.76
7.793070316314697,133.65
7.925556898117065,148.22
8.056694746017456,148.66
8.187580108642578,148.51
8.34221601486206,109.75
8.476669788360596,102.79
8.610338687896729,105.82
8.741999626159668,92.87
8.898026466369629,113.12
9.032679796218872,93.19
9.164998292922974,108.41
9.296889781951904,119.95
9.427886486053469,100.67
9.558974742889404,84.39
