Time (s),Package Power (W)
0.3004262447357178,287.66120666666666
0.6008391380310059,292.89354
