Time (s),Package Power (W)
0.1002962589263916,33.0242
0.20056819915771484,27.41448
