Time (s),CPU Power (W),DRAM Power (W)
0.11879587173461914,271.708984375,9.5501708984375
