Time (s),GPU 0 Power (W)
0.3003659248352051,59.08
0.6227409839630127,245.93
0.9450869560241699,226.83
1.266383171081543,145.06
1.5873665809631348,254.69
1.908214807510376,248.08
2.229060649871826,100.45
2.54990553855896,173.3
2.8732728958129883,251.0
3.1949381828308105,238.15
3.5160210132598877,139.18
3.836900234222412,254.01
4.157943248748779,251.49
4.47996187210083,204.28
4.80092716217041,173.73
5.1222639083862305,251.79
5.443281650543213,236.8
5.765410900115967,67.13
6.087568044662476,206.91
6.408413648605347,252.17
6.729820489883423,62.09
7.052445650100708,70.35
7.374069929122925,95.46
7.696202278137207,254.69
8.017032861709595,252.66
8.338231563568115,91.86
8.659422397613525,255.57
8.982221603393555,257.41
9.309937715530396,253.93
9.630907773971558,93.43
9.951698064804077,248.18
10.272670269012451,257.42
10.593931198120117,246.93
10.915165901184082,134.42
11.236391067504883,248.66
11.558342456817627,254.41
11.880110502243042,230.16
12.274814128875732,176.85
12.595690965652466,248.56
12.916550159454346,247.97
13.237545013427734,64.85
13.55858850479126,62.7
13.886169672012329,247.78
14.207089900970459,259.57
14.528030157089233,198.99
14.849140405654907,172.33
15.173912525177002,248.55
15.494837999343872,240.11
15.815873384475708,156.87
16.13688063621521,213.11
16.461179494857788,249.63
16.782134532928467,69.41
17.103410959243774,199.67
17.42500591278076,251.6
17.74628734588623,248.08
18.06939172744751,71.51
18.39067268371582,222.62
18.71691370010376,247.11
19.037795543670654,82.41
19.358864307403564,79.63
19.679777145385742,242.84
20.002220630645752,64.46
20.323211908340454,248.46
20.64467191696167,134.35
20.966390132904053,153.93
21.293245315551758,247.88
21.614226818084717,260.34
21.935152292251587,114.75
22.256025075912476,251.7
22.578463315963745,248.18
22.899797677993774,228.42
23.2213294506073,168.29
23.54392099380493,251.89
23.86545157432556,248.57
24.187085151672363,71.32
24.50861382484436,211.47
24.832308292388916,251.89
25.15372347831726,188.48
25.475016355514526,183.32
25.79649043083191,235.21
26.121110200881958,252.27
26.442146062850952,70.93
