Time (s),GPU 0 Power (W)
0.30036473274230957,70.94
0.6225728988647461,70.65
0.9438755512237549,70.46
1.26509428024292,70.06
1.5863041877746582,70.04
1.907724380493164,43.32
2.2322418689727783,43.12
2.5557656288146973,42.94
2.879359483718872,42.74
3.20310640335083,42.74
3.527122735977173,42.55
3.851405620574951,42.44
4.17545485496521,42.34
4.499234676361084,42.35
4.822779655456543,42.16
5.146041631698608,42.16
5.469318628311157,41.97
5.792941093444824,41.87
6.116435527801514,41.77
6.439820766448975,41.77
6.763415575027466,41.58
7.08786940574646,41.67
7.412705898284912,41.77
7.736408948898315,41.48
8.059752464294434,41.48
8.38308334350586,41.38
8.70777678489685,55.14
9.028949975967407,80.46
9.351537704467773,67.33
9.673194646835327,66.74
9.993955373764038,99.9
10.3162682056427,66.33
10.639165878295898,66.14
10.959928750991821,66.54
11.280694723129272,93.46
11.603026151657104,66.24
11.92477536201477,66.33
12.246352910995483,66.23
12.567140817642212,83.67
12.889553785324097,66.93
13.21133542060852,65.95
13.531989812850952,68.79
13.852905511856079,78.99
14.175284624099731,67.53
14.497015476226807,65.85
14.817802906036377,68.6
15.138575553894043,68.01
15.460975646972656,68.11
15.782854318618774,65.85
16.103630304336548,68.01
16.42481565475464,67.52
16.74741768836975,65.06
17.070457935333252,65.06
17.391236305236816,67.93
17.713778495788574,67.75
18.03648591041565,65.56
18.35778832435608,67.63
18.68123459815979,68.41
19.0036883354187,67.43
19.325539112091064,65.06
19.64616870880127,69.58
19.967260122299194,66.85
20.290772438049316,65.27
20.612617254257202,65.65
20.93337059020996,115.25
21.255754470825195,65.17
21.5776104927063,65.56
21.898225784301758,67.63
22.219929456710815,67.52
22.542575359344482,65.36
22.86426043510437,67.03
23.185081720352173,163.98
23.509607553482056,67.31
23.83149242401123,65.27
24.152392864227295,66.64
24.473117113113403,195.53
24.79555892944336,65.17
25.117817163467407,65.16
25.43853187561035,67.43
25.75945544242859,67.43
26.081916093826294,65.27
26.40274691581726,65.17
26.723262071609497,65.06
27.04337787628174,66.04
27.365235805511475,69.37
