Time (s),GPU 0 Power (W)
0.10017895698547363,51.99
0.2308182716369629,52.18
0.36283278465270996,52.48
0.49271702766418457,52.97
0.6259679794311523,52.18
0.7562499046325684,52.18
0.8959305286407471,52.97
1.0277230739593506,52.88
1.1574454307556152,53.28
1.2892951965332031,53.07
1.410036325454712,52.57
1.541353702545166,52.38
1.6729300022125244,52.28
1.8028512001037598,53.85
1.934485673904419,53.47
2.0654890537261963,53.47
2.1981680393218994,53.47
2.3303842544555664,55.43
