Time (s),GPU 0 Power (W)
0.10020256042480469,36.24
0.2566101551055908,35.44
0.38951802253723145,35.44
0.5249905586242676,35.44
0.6576821804046631,35.44
0.8066384792327881,35.53
0.9564459323883057,35.34
1.0893852710723877,35.44
1.220999002456665,35.44
1.3536088466644287,35.94
1.4882774353027344,35.64
1.6215174198150635,35.94
1.7558457851409912,35.94
1.8897359371185303,35.06
2.0237159729003906,34.67
2.158026695251465,34.96
2.3110930919647217,36.24
2.4438860416412354,44.32
2.5830447673797607,42.83
2.7190072536468506,45.3
2.851440668106079,45.8
2.983808994293213,45.61
3.1166515350341797,52.38
3.248319625854492,52.18
3.3802783489227295,52.38
3.5113203525543213,52.28
3.6444475650787354,52.28
3.7760584354400635,52.57
3.9073126316070557,52.38
4.039077520370483,52.48
4.188093423843384,52.48
4.319986581802368,51.99
4.451126575469971,52.67
4.584675312042236,52.48
4.71513819694519,52.57
4.84906530380249,52.67
4.980460166931152,52.28
5.111940383911133,52.38
5.243450403213501,52.18
5.37575888633728,52.48
5.528432369232178,52.48
5.65735936164856,53.38
