Time (s),Package Power (W)
0.10029768943786621,247.85826
0.20070338249206543,185.51711
0.30110955238342285,136.10559999999998
0.4014909267425537,138.24671999999998
0.5018534660339355,126.61770999999999
0.602203369140625,129.57304
0.702584981918335,135.03199999999998
0.803081750869751,123.63433
0.9034574031829834,128.31753999999998
1.0038485527038574,132.07180999999997
1.1042683124542236,127.94888999999999
1.2046546936035156,124.21293999999999
1.3050053119659424,126.79167
1.4053459167480469,131.64028
1.5056931972503662,126.87834
1.6060466766357422,126.66532999999998
1.7064003944396973,128.67275999999998
1.8068313598632812,127.17375
1.9071893692016602,125.26579
2.007507085800171,130.3439
2.107926845550537,127.46793999999998
2.208277940750122,129.02128
2.3086330890655518,126.44193999999999
2.4090723991394043,130.61366999999998
2.509493112564087,128.2437
2.609858989715576,125.42874999999998
2.710240364074707,129.63529
2.810762643814087,127.30008999999998
2.911149501800537,125.24321
3.0114450454711914,127.2122
3.111861228942871,128.04777
3.2122490406036377,128.41397999999998
3.3126304149627686,127.75784999999999
3.413201093673706,124.22025999999998
3.5136029720306396,125.32987
3.6139745712280273,127.12371
3.714339256286621,127.45084
3.81467604637146,126.94425
3.9150373935699463,126.59452999999999
4.015380859375,125.40189999999998
4.115798711776733,125.12968000000001
4.216164827346802,125.71439999999998
4.316518306732178,125.02227
4.416921854019165,127.76762
4.517298936843872,125.45743999999999
4.617655992507935,126.79348999999999
4.718008041381836,127.91166
4.818435430526733,126.53715999999999
4.918805122375488,125.46292999999999
5.01916241645813,129.12625999999997
5.1196019649505615,124.34477000000001
5.219972133636475,118.54034999999999
5.320322751998901,130.67654999999996
