Time (s),Package Power (W)
0.300518274307251,184.67014000000003
0.6011848449707031,125.34432333333334
0.9017698764801025,121.01653666666667
1.2023613452911377,118.48643333333334
1.5029103755950928,119.50815666666666
1.8034753799438477,120.81796666666668
2.1040539741516113,120.81858000000003
2.4046192169189453,120.61309333333334
2.705165147781372,121.54794666666668
3.005734443664551,119.58913333333334
3.306299924850464,120.62408
3.6068694591522217,117.81301333333334
3.9074325561523438,119.64589333333335
4.207979679107666,119.85727666666668
4.508544206619263,119.60866333333334
4.8090949058532715,118.22459
5.109646558761597,119.40053333333334
5.410201549530029,117.87303
5.71075439453125,117.63356999999999
6.011312961578369,115.11363333333334
