Time (s),GPU 0 Power (W)
0.1002042293548584,34.85
0.2529921531677246,34.87
0.4096832275390625,34.86
0.5425629615783691,34.77
0.6724197864532471,34.86
0.8088300228118896,34.85
0.9429235458374023,34.86
1.078162670135498,34.76
1.2314367294311523,35.26
1.3671672344207764,35.14
1.5024638175964355,35.74
1.6382782459259033,35.14
1.7692880630493164,35.34
1.9037775993347168,34.67
2.041947841644287,34.56
2.17763614654541,34.56
2.311264753341675,36.14
2.445561408996582,42.35
2.5786147117614746,42.25
2.7098588943481445,49.34
2.840792655944824,49.23
2.993459939956665,49.14
3.1249091625213623,52.09
3.2565767765045166,52.38
3.3881921768188477,52.47
3.517616033554077,52.48
3.6495137214660645,52.48
3.7781777381896973,52.47
3.9098005294799805,52.67
4.04107403755188,52.67
4.172278881072998,52.57
4.317253351211548,52.67
4.448547601699829,52.57
4.5799946784973145,52.57
4.710415363311768,52.77
4.84071159362793,52.57
4.97402024269104,52.48
5.125083923339844,52.57
5.277329206466675,52.57
5.4082581996917725,52.67
5.54034423828125,52.48
