Time (s),GPU 0 Power (W)
0.1002051830291748,35.84
0.2546248435974121,35.14
0.4010047912597656,35.14
0.5526654720306396,35.45
0.6847381591796875,35.14
0.816378116607666,35.24
0.9480652809143066,35.24
1.0806448459625244,35.24
1.234313726425171,35.24
1.3812482357025146,35.64
1.5553748607635498,35.44
1.6882610321044922,35.34
1.8215711116790771,35.55
1.9531404972076416,34.45
2.1087822914123535,34.64
2.240818977355957,34.76
2.3935253620147705,35.44
2.548203468322754,39.78
2.6829428672790527,41.47
2.8152101039886475,41.76
2.946200132369995,41.65
3.0791478157043457,49.03
3.2260022163391113,49.03
3.3588387966156006,52.18
3.4910573959350586,51.88
3.623757839202881,52.38
3.7537598609924316,52.09
3.8993663787841797,52.38
4.03087043762207,52.57
4.16024112701416,52.57
4.2888500690460205,52.48
4.419100761413574,52.09
4.582803010940552,52.38
4.7157142162323,52.57
4.844627380371094,52.48
4.996828079223633,52.38
5.127844333648682,52.38
5.258579254150391,52.48
5.391233682632446,52.48
5.523553371429443,52.09
5.653085231781006,52.09
5.784092664718628,55.23
