Time (s),Package Power (W)
0.10029363632202148,240.47179
0.20070743560791016,178.32228999999998
0.30110716819763184,133.59891
0.40146636962890625,128.72402999999997
0.5018374919891357,119.20624
0.6021907329559326,122.54058
0.7025589942932129,126.62442999999999
0.8031449317932129,120.14618
0.9035634994506836,124.00175
1.0039215087890625,126.76604
1.1042425632476807,122.919
1.204749584197998,118.32672
1.3051373958587646,123.46952999999999
1.405508041381836,129.15251
1.5060889720916748,118.13568
1.6065468788146973,123.75516999999998
1.7070510387420654,128.87846
1.8074285984039307,118.85833
1.9078145027160645,123.66911999999999
2.0081698894500732,127.38372
2.108523368835449,123.13871999999999
2.2088935375213623,119.80559
2.309258222579956,123.04534
2.409613847732544,126.91008
2.5099735260009766,120.22552999999998
2.610333204269409,124.41130000000001
2.7106804847717285,127.27933
2.8110384941101074,120.29511
2.9113872051239014,122.77251
3.0117411613464355,124.03532
3.112107992172241,124.59991
3.21246075630188,119.09819999999999
3.312812328338623,121.08976999999999
3.413149833679199,126.65313
3.5134880542755127,119.99114
3.61383318901062,115.68024999999999
3.7141830921173096,127.27568
3.8145389556884766,120.34941999999998
3.9148857593536377,120.25665
4.015270709991455,120.02167
4.115861892700195,121.98882
4.216281414031982,121.22648999999998
4.3166584968566895,121.04217999999999
4.417213439941406,122.59185
4.517616271972656,120.58501
4.6179962158203125,119.17877999999999
4.718368291854858,121.12944999999999
4.818917751312256,119.67376999999999
4.91935658454895,121.17827
5.019729375839233,122.92938
5.12009596824646,118.20952999999999
5.220455646514893,117.29217999999999
5.3208112716674805,116.92658000000002
5.421165704727173,123.29741
5.521728754043579,117.40693
5.622123718261719,118.68744
5.722491025924683,122.05779
5.82305383682251,115.47211999999999
5.923460245132446,115.44404
6.0238611698150635,117.94647
6.124446392059326,114.46382
