Time (s),GPU 0 Power (W)
0.10019683837890625,34.36
0.25690412521362305,34.96
0.38905978202819824,34.95
0.5604796409606934,34.86
0.6927714347839355,34.95
0.8251519203186035,34.96
0.9574098587036133,34.95
1.088571548461914,35.14
1.2389001846313477,35.14
1.3757469654083252,35.44
1.5092189311981201,35.44
1.6438493728637695,35.34
1.7769865989685059,35.44
1.9092214107513428,35.74
2.060933828353882,35.94
2.21722674369812,53.18
2.368450164794922,52.38
2.523433208465576,52.78
2.652933359146118,52.18
2.7832748889923096,52.77
2.9140477180480957,52.88
3.0589632987976074,52.77
3.19439697265625,52.28
3.325178623199463,52.97
3.4559037685394287,52.88
3.626851797103882,52.88
3.7588460445404053,52.28
3.886061668395996,52.88
4.018248796463013,53.17
4.15043306350708,52.78
4.282786130905151,52.88
4.415162801742554,53.28
4.560062885284424,52.76
4.691007137298584,52.88
4.822301626205444,53.07
4.955763578414917,55.33
