Time (s),Package Power (W)
0.10025787353515625,324.74586999999997
0.20067524909973145,254.04108999999997
0.3010697364807129,203.25266
0.4014420509338379,211.82989999999998
0.5019476413726807,204.43367999999998
0.6023306846618652,200.18504
0.7026894092559814,205.55061999999998
0.8030378818511963,203.60177
0.9033875465393066,202.94382
1.003744125366211,204.03939999999997
1.104097604751587,203.93929
1.2044415473937988,200.14291999999998
1.3047916889190674,202.15098
1.4051384925842285,205.44807999999998
1.5054919719696045,204.34517
1.6058342456817627,207.04232
1.7061710357666016,210.59577
1.8065159320831299,210.31745999999998
1.9068522453308105,210.68733
2.007197618484497,212.95293999999998
2.107529640197754,203.35825
2.2078583240509033,209.51788999999997
2.308185577392578,209.25973
2.4085147380828857,208.62617
2.508850574493408,203.87154999999998
2.609191417694092,206.95502999999997
2.7095155715942383,208.93806999999998
2.8098652362823486,207.34017
2.910196304321289,201.78902999999997
3.010530948638916,208.17878999999996
3.110870599746704,208.17817999999997
3.2112276554107666,208.58345
3.311575412750244,208.61458
3.411926031112671,198.31553
3.5122721195220947,203.74704
3.612616539001465,208.51813999999996
3.7129547595977783,202.71492999999998
3.8133068084716797,192.41101
