Time (s),Package Power (W)
0.10026216506958008,329.07387
0.20067453384399414,257.41756
0.3010828495025635,219.54045
0.4014570713043213,211.22199999999998
0.5019173622131348,214.51969999999997
0.6022756099700928,210.05134999999999
0.7026453018188477,187.86695
0.803030252456665,188.89051
0.9033811092376709,187.7516
1.0037429332733154,187.59532999999996
1.1040942668914795,187.79066999999998
1.2044494152069092,187.59349999999998
1.3047962188720703,186.77566
1.4051496982574463,190.36633
1.5055692195892334,192.30297
1.6059234142303467,191.59618999999998
1.7062954902648926,191.83545
1.8067231178283691,195.44628000000003
1.9070851802825928,190.26806
2.007411003112793,195.98278
2.1078245639801025,196.07188
2.208195209503174,196.14818
2.3085527420043945,197.36765999999997
2.4088826179504395,191.98802999999998
2.509298801422119,193.80200000000002
2.6096560955047607,196.16100000000003
2.710012435913086,195.86863999999997
2.8105223178863525,192.81139
2.9109134674072266,193.71228000000002
3.01127552986145,195.29063
3.111708879470825,195.32908999999998
3.2120752334594727,191.30445
3.312436103820801,195.88634
3.4129080772399902,196.01266999999999
3.5134222507476807,196.51927
3.6138370037078857,196.27209
3.714168071746826,192.01062
3.8146770000457764,194.64855
3.9150331020355225,193.10496999999998
4.015403747558594,183.13124000000002
4.115928888320923,185.86317999999997
