Time (s),Package Power (W)
0.3005094528198242,185.40175000000002
0.6011924743652344,125.13212333333334
0.9017980098724365,123.95374333333332
1.2023887634277344,122.53468000000001
1.5029268264770508,123.45346000000002
1.8035211563110352,127.86954666666666
2.1042075157165527,124.29493000000001
2.4047791957855225,123.85568000000002
2.7053472995758057,124.57650333333333
3.005887508392334,125.00252666666667
3.3064963817596436,122.77373333333335
3.607243061065674,121.58416333333334
3.907996892929077,121.05030666666667
4.2087602615356445,125.13619666666666
4.5092997550964355,121.33656
4.810045480728149,123.10963333333333
5.110801458358765,123.23983666666666
5.411602020263672,121.67916999999998
5.712217092514038,122.65919333333335
6.012814283370972,143.87984
