Time (s),Package Power (W)
0.3005208969116211,177.31583
0.6013176441192627,116.73879666666667
0.9019567966461182,116.16893
1.2025988101959229,116.72008000000001
1.5032010078430176,116.12926
1.8038463592529297,115.80923333333334
2.1044809818267822,112.13248666666668
2.405078887939453,112.50968333333333
2.705644369125366,113.75296000000002
3.0061898231506348,115.15290666666668
3.3067731857299805,114.45751000000001
3.607347249984741,139.29753333333335
