Time (s),Package Power (W)
0.3005197048187256,231.68967333333333
0.6012887954711914,193.9419666666667
0.9020302295684814,193.43436000000003
1.202754259109497,192.46695666666668
1.5034711360931396,197.21934333333334
1.8041861057281494,195.98277333333334
2.1049013137817383,195.8308
2.4056081771850586,198.68988000000002
2.7063357830047607,193.11168666666669
