Time (s),GPU 0 Power (W)
0.10017657279968262,38.41
0.2529759407043457,40.87
0.38431715965270996,40.77
0.5332162380218506,40.98
0.6623919010162354,40.67
0.7944018840789795,40.48
0.9242701530456543,40.67
1.0532011985778809,40.87
1.1846554279327393,41.48
1.317765474319458,41.58
1.4500880241394043,41.67
1.581270456314087,60.06
1.7117512226104736,59.96
1.8437607288360596,58.49
1.970853328704834,59.67
2.1021294593811035,59.67
2.2485055923461914,58.49
2.3938534259796143,59.66
2.5179624557495117,59.96
2.668285369873047,58.49
2.811781406402588,59.77
2.941100835800171,59.67
3.0717661380767822,59.66
3.2038674354553223,58.59
3.333012104034424,59.58
3.4635236263275146,60.93
3.6121511459350586,62.29
