Time (s),GPU 0 Power (W)
0.30041003227233887,51.0
0.6526515483856201,51.0
0.985867977142334,51.1
1.317775011062622,51.69
1.651540994644165,51.69
1.9838948249816895,51.98
2.319329023361206,51.49
2.6518895626068115,52.09
2.9869675636291504,51.69
3.324577569961548,54.93
