Time (s),Package Power (W)
0.10026144981384277,316.50372
0.20065951347351074,263.72857
0.30104684829711914,205.01961999999997
0.4014301300048828,210.19660000000002
0.5018587112426758,198.03415999999999
0.6022112369537354,198.85081
0.7025671005249023,201.63888999999998
0.8029184341430664,194.45568
0.9032785892486572,190.88451999999998
1.0036327838897705,190.85277999999997
1.1039726734161377,191.08961
1.2043185234069824,190.46641999999997
1.3046619892120361,191.2666
1.405003547668457,193.11901999999998
1.5053584575653076,195.77158
1.6057090759277344,195.75329
1.7060482501983643,196.0963
1.8063912391662598,197.87546999999998
1.9067487716674805,196.01512
2.007100820541382,197.06310000000002
2.107448101043701,197.34873999999996
2.207803964614868,192.88586
2.3081538677215576,199.18284
2.4084949493408203,194.75901999999996
2.508838176727295,193.47056999999998
2.6091859340667725,196.98496999999998
2.709526538848877,198.52975999999998
2.8098909854888916,193.43335
2.910247325897217,193.52795
3.010594606399536,197.37681
3.110924005508423,195.30895
3.2112746238708496,191.62183
3.3116111755371094,196.48935
3.4119651317596436,197.07653
3.5123064517974854,195.22898999999998
3.612654685974121,190.83691000000002
3.713009834289551,197.24193
3.8133556842803955,195.33153
3.9136910438537598,182.34756
4.014039039611816,178.71597
