Time (s),GPU 0 Power (W)
0.10017514228820801,58.09
0.2527599334716797,57.99
0.40256190299987793,57.9
0.5614492893218994,58.09
0.7103877067565918,58.09
0.8299798965454102,57.99
0.9743788242340088,58.09
1.0939702987670898,59.17
1.2633957862854004,58.59
1.3847496509552002,58.78
1.5075831413269043,58.49
1.628187656402588,58.38
1.7530839443206787,58.38
1.8763861656188965,59.56
2.0193772315979004,59.58
2.1675662994384766,59.67
2.311495780944824,61.63
