Time (s),Package Power (W)
0.3005104064941406,192.66816666666668
0.6011650562286377,129.07763333333332
0.901925802230835,127.23173000000001
1.2024104595184326,127.68522
1.5032262802124023,129.07783666666668
1.803842544555664,126.92594333333332
2.104430913925171,127.20996
2.40499210357666,127.69132333333334
2.7055585384368896,129.44140000000002
3.0061421394348145,128.33707666666666
3.3067119121551514,127.53853000000002
3.607269048690796,125.67920333333333
3.9078245162963867,126.51986
4.208368301391602,126.71415333333334
4.508915901184082,126.09831
4.809448719024658,125.50443999999999
5.110012531280518,127.42703999999999
5.41054368019104,126.72778333333332
5.71110200881958,126.10075333333333
6.011664152145386,129.43061666666665
