Time (s),GPU 0 Power (W)
0.10017871856689453,33.68
0.2722611427307129,34.76
0.4176914691925049,34.86
0.5909368991851807,34.86
0.7237699031829834,34.85
0.8470616340637207,34.85
0.9744620323181152,34.86
1.104891061782837,35.05
1.2694694995880127,35.34
1.4025192260742188,35.55
1.5744037628173828,36.73
1.72420334815979,52.87
1.858907699584961,53.18
2.0085256099700928,53.28
2.1401994228363037,53.56
2.264763832092285,53.28
2.395894765853882,53.28
2.526763916015625,53.38
2.6571383476257324,52.47
2.7880284786224365,53.38
2.9318528175354004,53.56
3.065988540649414,53.28
3.1958937644958496,53.28
3.327730178833008,53.47
3.459545135498047,52.28
3.591568946838379,53.38
3.723870038986206,53.46
3.863006114959717,51.99
