Time (s),GPU 0 Power (W)
0.10019707679748535,33.88
0.23216032981872559,33.69
0.3700861930847168,33.69
0.5010526180267334,33.69
0.6347990036010742,33.69
0.7691605091094971,33.59
0.9051744937896729,33.59
1.036208152770996,33.69
1.1719424724578857,33.59
1.30824613571167,33.88
1.4460272789001465,33.88
1.5794765949249268,34.65
1.714759111404419,33.98
1.8463108539581299,46.78
1.97786283493042,52.38
2.1059162616729736,52.09
2.236337184906006,52.67
2.3668065071105957,52.28
2.5012478828430176,52.09
2.6343600749969482,52.09
2.7646560668945312,52.38
2.898277759552002,52.09
3.030575752258301,51.78
3.1577060222625732,52.28
3.2851181030273438,52.77
3.415876865386963,52.09
3.5489046573638916,52.77
3.6819849014282227,52.67
3.8142426013946533,52.88
3.945927619934082,52.77
4.0780298709869385,52.77
4.210145711898804,52.09
4.3413379192352295,51.98
4.47350811958313,52.38
4.603234529495239,54.93
