Time (s),Package Power (W)
0.30071067810058594,267.5599466666667
0.6014885902404785,205.90747
0.9020833969116211,209.22574333333336
1.20265531539917,205.89770666666666
1.5032083988189697,203.10495
1.803767442703247,203.16883333333334
2.1043179035186768,204.47274000000002
2.4048774242401123,201.94915
2.7054443359375,199.61049333333332
3.0060038566589355,203.77124666666666
3.3065335750579834,201.96461
3.6070756912231445,199.99155333333334
3.907630205154419,199.90203666666667
4.208181619644165,199.28741333333335
4.508727550506592,199.14194666666668
4.809272050857544,199.30898
5.109820127487183,200.29367333333334
5.410373210906982,199.70225
5.710913419723511,198.89170000000001
6.011460781097412,199.41884333333334
6.31200385093689,201.74244333333334
6.612542629241943,200.01942666666665
6.913092374801636,199.39443000000003
7.213638067245483,199.19016333333335
7.514161586761475,198.92486333333335
7.8146984577178955,200.25156333333334
8.115242958068848,199.33909
8.415789604187012,198.67075333333332
8.716334104537964,198.35073
9.016880989074707,199.81496
9.317442178726196,199.68821000000003
9.617990255355835,198.95558666666668
9.918526649475098,198.27830000000003
10.219071626663208,196.3616
10.519615173339844,196.63483
10.820149898529053,197.80446666666668
11.120687007904053,196.55670666666666
11.421221494674683,197.70660333333336
11.721755743026733,195.64464333333333
12.022294282913208,196.43280666666666
12.322822332382202,197.19167333333334
12.623363494873047,196.66107666666667
12.923885822296143,196.79881666666668
13.224413633346558,195.86680666666666
13.524942874908447,246.70530000000005
