Time (s),Package Power (W)
0.3005056381225586,179.6778866666667
0.6012704372406006,117.11802333333334
0.9019255638122559,116.74652666666667
1.2025675773620605,117.20103666666667
1.5032439231872559,116.62710333333335
1.8038735389709473,116.98314000000002
2.1044538021087646,116.01776666666666
2.4050381183624268,114.23249666666666
2.705605983734131,114.45914
3.0061795711517334,114.26423333333332
3.3067498207092285,114.22964666666668
3.607318878173828,114.52465000000002
3.9078848361968994,115.72805666666667
4.20865273475647,115.58544
4.509421348571777,115.14659333333333
4.810222148895264,119.76450666666668
5.1107401847839355,113.81216666666667
5.411488056182861,114.01338333333334
5.712085008621216,114.39301666666668
6.0126588344573975,113.98326666666668
6.313226938247681,113.96353333333333
6.613802194595337,114.20605
6.914299964904785,113.63231666666667
7.214879274368286,113.89334333333333
7.515446186065674,113.99955000000001
7.815984725952148,113.88418666666666
8.116546630859375,113.63272333333333
8.417120456695557,113.46854333333333
8.717905759811401,114.5454
9.018686294555664,113.83068333333334
9.319402694702148,113.77107333333333
9.62012791633606,113.25552666666667
9.92069673538208,113.78083666666667
10.221269845962524,113.38899333333336
10.521838426589966,113.86201
10.822407245635986,113.91247
11.122735261917114,113.30334
11.42336630821228,176.26602666666668
