Time (s),Package Power (W)
0.30051589012145996,168.50461666666666
0.6012780666351318,102.16709666666667
0.9020557403564453,101.6837
1.2026448249816895,102.29283000000001
1.5034806728363037,102.65212000000001
1.8041322231292725,102.5034
2.1046690940856934,102.57562333333333
2.4052510261535645,102.57725
2.7058231830596924,102.36566666666667
3.006368398666382,102.50014666666667
3.30696702003479,102.38722666666666
3.6075310707092285,102.34613333333334
3.908080816268921,102.64927333333333
4.20862889289856,102.48000333333334
4.50918173789978,102.47349
4.809734106063843,102.48611
5.1105382442474365,102.63279333333334
5.411296367645264,102.26271666666668
5.711897850036621,102.70542666666667
6.0124452114105225,102.37706000000001
6.313010931015015,102.40777666666666
6.613569736480713,103.01609333333334
6.914124250411987,102.72210666666668
7.214662790298462,102.86880000000001
7.515217542648315,102.53330333333334
7.81574821472168,102.51235333333334
8.116305589675903,102.46433333333334
8.41684627532959,102.41246333333335
8.717395305633545,102.42201666666666
9.01794719696045,103.13287333333334
9.318486452102661,102.40655666666667
9.619253873825073,102.34105
9.920023918151855,102.49078333333334
10.220791101455688,102.40879333333334
10.521562099456787,102.58112
10.822192430496216,101.34048
11.122714519500732,99.29580666666666
11.423515796661377,169.1975666666667
