Time (s),Package Power (W)
0.3004612922668457,263.1780366666667
0.6009371280670166,195.06114666666667
0.9014294147491455,193.29255666666666
1.201918363571167,195.29816333333335
1.5023915767669678,192.82462333333334
1.8028357028961182,192.47305333333335
2.1032891273498535,192.72147333333334
2.404036045074463,192.93590666666668
2.704533100128174,192.56624
3.005277633666992,192.84984666666668
3.30598783493042,192.82828333333333
3.6065917015075684,192.41894000000002
3.9073140621185303,192.82218333333333
4.2079243659973145,192.33023333333333
4.5086305141448975,192.61059333333333
4.809323310852051,192.09016333333335
5.109907388687134,191.986
5.410606622695923,192.29890333333336
5.711191415786743,192.50256333333334
6.011908531188965,192.99531333333334
6.312499761581421,192.01814333333334
6.613216400146484,192.43277666666668
6.913774013519287,192.04805333333334
7.214472532272339,192.19412666666668
7.5150532722473145,192.66287666666668
7.815776348114014,192.15466000000004
8.116353511810303,192.45637666666667
8.416909217834473,192.07511000000002
8.71746015548706,191.55692333333334
9.01802372932434,190.09411666666665
9.318549871444702,189.85669333333334
9.619088888168335,188.83720333333335
9.919727325439453,189.56941999999998
10.220374822616577,189.51611666666668
10.520816564559937,189.96329666666668
10.821447134017944,189.12122333333335
11.12208890914917,260.5850633333334
