Time (s),GPU 0 Power (W)
0.10017848014831543,57.01
0.26723313331604004,52.67
0.41623759269714355,52.67
0.5561742782592773,52.57
0.6872704029083252,52.38
0.8066937923431396,52.97
0.9379472732543945,52.77
1.0587127208709717,52.38
1.1802868843078613,52.47
1.311112642288208,52.88
1.430372714996338,52.77
1.5630698204040527,35.45
1.70058274269104,34.45
1.8492531776428223,35.05
1.978868007659912,87.85
2.1302433013916016,58.48
2.2595529556274414,52.97
2.388810873031616,52.67
2.519185781478882,52.88
2.649726629257202,70.63
2.7808656692504883,52.57
2.912747621536255,52.38
3.0436363220214844,52.38
3.192578077316284,52.28
3.325143575668335,52.38
3.455705404281616,52.38
3.5841002464294434,52.38
3.7157700061798096,52.38
3.845029830932617,52.38
3.980414390563965,34.56
4.119401216506958,34.26
4.252297639846802,34.26
4.384554386138916,34.35
4.524629354476929,34.27
4.659520387649536,34.17
4.791708946228027,34.27
4.927234172821045,34.26
5.060306787490845,34.26
5.193678617477417,34.26
5.330546617507935,34.27
5.464151859283447,34.27
5.597574234008789,34.26
5.733643531799316,34.17
5.867335081100464,34.17
5.9997878074646,34.27
6.135795831680298,34.17
6.270270586013794,34.27
6.419921636581421,34.17
6.57523512840271,34.26
6.707921743392944,34.37
6.83988881111145,34.17
6.974032640457153,34.26
7.107858657836914,34.27
7.2425971031188965,34.26
7.3726208209991455,34.27
7.543482303619385,34.27
7.6829094886779785,34.16
7.836169242858887,34.17
7.963426828384399,34.26
8.095444202423096,34.26
8.227850437164307,34.17
8.360493898391724,34.17
8.493712425231934,34.27
8.62794280052185,34.17
8.76320767402649,34.17
8.918376207351685,34.17
9.063674449920654,34.17
9.196166753768921,34.17
9.331637382507324,34.17
9.46381950378418,34.27
9.5985107421875,34.17
9.721843481063843,34.37
9.855438947677612,34.17
10.007488250732422,34.17
10.13987946510315,34.17
10.274818181991577,34.17
10.40789794921875,34.27
10.54340386390686,147.02
10.669614315032959,37.02
10.802993297576904,51.89
11.026018857955933,55.23
