Time (s),Package Power (W)
0.30055737495422363,169.49480666666668
0.6013100147247314,100.95046666666667
0.9019131660461426,99.94399666666666
1.2025370597839355,99.76109666666666
1.5031371116638184,100.03901
1.8036913871765137,99.98570666666667
2.104271173477173,100.6577
2.404829263687134,100.26768666666668
2.7054226398468018,100.50715
3.0060689449310303,100.03901333333334
3.306655168533325,99.70616
3.607229709625244,99.67097000000001
3.907790422439575,99.68134666666667
4.208393335342407,99.43232
4.508974313735962,99.94501666666667
4.8095316886901855,99.52774000000001
5.11010479927063,99.80300666666668
5.41066312789917,99.62926333333334
5.711222887039185,99.73871666666666
6.011754989624023,99.48461
6.31231164932251,99.88133333333334
6.612848281860352,99.87849
6.913407564163208,99.39244666666667
7.213938236236572,99.57433
7.5144970417022705,99.54808666666668
7.8150341510772705,99.60016666666667
8.115598917007446,99.51858333333334
8.416158437728882,100.28050666666667
8.716697692871094,99.55479666666668
9.01724100112915,99.78836333333334
9.317801237106323,99.65754000000001
9.618332147598267,99.59528333333334
9.918885946273804,99.42133666666666
10.219447374343872,101.29572000000002
10.520080089569092,99.58592666666667
10.820699453353882,99.48603333333334
11.12132740020752,162.42878333333334
