Time (s),GPU 0 Power (W)
0.10017824172973633,56.12
0.26955580711364746,56.32
0.4001178741455078,56.12
0.5302169322967529,56.22
0.6566107273101807,56.12
0.7862040996551514,56.12
0.9336602687835693,56.22
1.0656790733337402,56.22
1.1963956356048584,56.12
1.324385404586792,56.12
1.454455852508545,56.22
1.5991051197052002,56.12
1.743098258972168,232.67
1.9216272830963135,57.0
2.102583885192871,56.41
2.24752140045166,56.32
2.3787474632263184,56.32
2.5104482173919678,56.41
2.6401526927948,56.22
2.7695999145507812,56.03
2.9181013107299805,56.12
3.047098159790039,56.22
3.1773455142974854,56.22
3.306352376937866,56.22
3.4334335327148438,56.12
3.578864574432373,56.71
3.7272660732269287,36.73
3.8607420921325684,36.92
3.993415594100952,37.13
4.128059387207031,36.83
4.255570411682129,36.83
4.391353130340576,36.92
4.524921178817749,36.83
4.657104253768921,36.83
4.789290428161621,36.73
4.960944652557373,36.73
5.095320701599121,36.74
5.245093107223511,36.73
5.377719163894653,36.83
5.510978937149048,36.83
5.658145904541016,36.74
5.792008399963379,36.73
5.9455320835113525,36.74
6.07758641242981,36.83
6.21083402633667,36.83
6.358626842498779,36.73
6.492826700210571,36.83
6.625096321105957,36.74
6.757529973983765,36.73
6.888781309127808,36.83
7.0217673778533936,36.83
7.1558356285095215,36.83
7.289358615875244,36.74
7.421968698501587,36.73
7.55552077293396,36.73
7.705457925796509,36.73
7.837723255157471,36.73
7.970507383346558,36.74
8.104319334030151,36.73
8.256808757781982,36.74
8.389971256256104,36.63
8.524258136749268,36.83
8.657110214233398,36.74
8.78942584991455,36.73
8.94068717956543,36.73
9.073618412017822,36.73
9.205284833908081,36.73
9.360883951187134,36.64
9.493799924850464,36.63
9.62691617012024,36.83
9.762386083602905,36.63
9.928325653076172,36.74
10.061917304992676,36.73
10.196532726287842,36.73
10.330936670303345,37.81
10.505388736724854,170.87
10.696632385253906,45.1
