Time (s),Package Power (W)
0.30045509338378906,263.01813000000004
0.6012136936187744,273.33955
