Time (s),Package Power (W)
0.3004610538482666,264.02276333333333
0.6011199951171875,195.12625
0.9018890857696533,195.8385266666667
1.2024872303009033,194.94803000000002
1.5030295848846436,194.60480666666666
1.8036000728607178,193.09154333333336
2.104163885116577,192.50297
2.40470814704895,192.51456000000002
2.7052533626556396,193.1835066666667
3.005786180496216,192.66857333333334
3.306337833404541,192.47265333333334
3.606886386871338,191.8183566666667
3.907438278198242,192.90437333333335
4.207973957061768,192.52982
4.5085225105285645,192.19494333333333
4.809073448181152,192.00614000000002
5.109622478485107,192.22078333333334
5.4101645946502686,192.47570000000002
5.710744619369507,191.99739333333335
6.011285305023193,192.3339
6.311833620071411,192.88036333333335
6.612372159957886,193.03051333333335
6.912913084030151,192.38517000000002
7.213455677032471,192.64680333333334
7.514020681381226,193.25492
7.814774751663208,193.20832333333334
8.115531921386719,192.71028333333334
8.416137218475342,191.96484
8.716701745986938,192.11661333333336
9.017268180847168,192.1473366666667
9.31782341003418,192.49442
9.618367433547974,192.19738333333336
9.918909788131714,191.69425333333334
10.219472169876099,192.31009666666665
10.520163536071777,191.94266
10.8207368850708,192.44824333333335
11.121286630630493,191.68550333333334
11.421842098236084,192.81119
11.722564458847046,191.95304333333334
12.023283958435059,192.04662666666667
12.32387661933899,192.38740333333337
12.62459659576416,193.0673366666667
12.925191879272461,194.67275999999998
13.225900650024414,194.12751666666665
13.526649951934814,194.62962666666667
13.827370882034302,194.52281666666667
14.128113269805908,194.0770566666667
14.428682327270508,194.04715666666667
14.729239702224731,194.08173333333335
15.029800176620483,193.74482666666665
15.330355167388916,193.99832333333333
15.630886316299438,193.92488
15.93162226676941,193.44412333333335
16.232343912124634,191.82201666666668
16.53306531906128,192.72351
16.83379030227661,193.84207
17.134374856948853,193.52530333333334
17.43493938446045,193.45551666666665
17.73548698425293,193.54809
18.036033391952515,193.69945666666666
18.336564302444458,193.28502666666668
18.637112617492676,193.6111566666667
18.93765115737915,193.87117
19.238200187683105,193.53628666666665
19.538753509521484,193.12471
19.839295148849487,192.57702333333333
20.13985323905945,197.50376666666668
