Time (s),GPU 0 Power (W)
0.30040764808654785,59.17
0.6492738723754883,58.98
0.9825572967529297,59.77
1.3147192001342773,58.98
1.6475250720977783,58.98
1.9795002937316895,58.88
2.311764717102051,58.78
2.643547296524048,58.78
2.975794553756714,58.88
3.3075759410858154,58.78
3.6399495601654053,59.17
3.9717729091644287,58.69
4.303517580032349,58.78
4.669084548950195,58.69
5.002450227737427,58.78
5.335646152496338,58.69
5.671066999435425,58.78
6.005363702774048,58.69
6.358123064041138,58.69
6.703142404556274,58.69
7.035449981689453,58.88
7.387362003326416,58.59
7.719985008239746,58.48
8.048700332641602,58.69
8.383420467376709,58.59
8.715572834014893,58.48
9.047892093658447,58.49
9.37951397895813,58.59
9.712240934371948,58.88
10.04630708694458,58.59
10.379145383834839,59.17
10.730703353881836,58.59
11.063495874404907,58.78
11.41471242904663,58.59
11.7477548122406,58.59
12.08155083656311,58.98
12.415375709533691,59.17
12.747347831726074,58.49
13.07938528060913,58.38
13.411032676696777,58.78
13.74403166770935,59.37
14.09589147567749,59.56
14.42773175239563,59.47
14.764423847198486,59.08
15.098600149154663,58.78
15.47205901145935,58.98
15.823896408081055,58.88
16.15605616569519,58.59
16.488274097442627,59.37
16.81981897354126,58.88
17.15239429473877,58.69
17.49965190887451,59.27
17.828694581985474,59.27
18.162574768066406,58.88
18.49447751045227,58.69
18.827068567276,58.69
19.158193111419678,58.69
19.489781141281128,58.69
19.822728633880615,59.08
20.175939798355103,59.27
20.508649587631226,58.59
20.842188596725464,58.38
21.17542576789856,58.78
21.50654673576355,58.59
21.839106559753418,59.08
22.188156127929688,58.49
22.522464752197266,58.59
22.875899076461792,58.48
23.20828104019165,58.59
23.556065320968628,58.38
23.88827657699585,59.77
24.22369146347046,61.61
24.556488513946533,58.19
