Time (s),Package Power (W)
0.10025358200073242,326.80275
0.2006998062133789,263.56256
0.3011176586151123,223.31973999999997
0.40170812606811523,213.73358
0.5021259784698486,218.19158000000002
0.6025004386901855,211.16279999999998
0.7029099464416504,193.64086
0.8034477233886719,191.11522999999997
0.9038257598876953,190.69102999999998
1.0041911602020264,193.24840999999998
1.104701042175293,191.10365000000002
1.2050857543945312,190.53722
1.3054640293121338,189.51428999999996
1.4059934616088867,189.3678
1.5064051151275635,188.67567
1.6067302227020264,186.50037
1.7071244716644287,188.80017999999998
1.8074877262115479,184.74379
1.9078409671783447,185.3102
2.0081911087036133,185.14660999999995
2.1085803508758545,184.07607
2.2089450359344482,183.66407999999998
2.3093137741088867,182.12232999999998
2.409656047821045,182.14858999999996
2.5100018978118896,182.13576000000003
2.610356330871582,183.57924
2.7106943130493164,185.35902
2.8110618591308594,184.54543
2.9114081859588623,185.26747
3.0117342472076416,185.16798999999997
3.1120810508728027,184.4142
3.2124319076538086,185.8766
3.3127644062042236,184.68885
3.413041591644287,183.94851000000003
3.513451337814331,184.99647
3.613802194595337,186.39235
3.7141523361206055,182.11989000000003
3.8145666122436523,188.58350000000002
