Time (s),GPU 0 Power (W)
0.30039453506469727,63.09
0.647923469543457,62.7
0.980597972869873,62.48
1.3130214214324951,62.9
1.6643171310424805,63.88
1.9977989196777344,62.99
2.343160629272461,62.7
2.6753766536712646,62.99
3.025933265686035,62.31
3.3572099208831787,63.28
3.7063069343566895,62.48
4.037072658538818,62.4
4.369491100311279,62.99
4.701591968536377,62.9
5.035433530807495,62.29
5.385230541229248,62.99
5.719314813613892,62.99
6.049688339233398,62.48
6.382955551147461,62.21
6.71610426902771,62.09
7.048452377319336,62.8
7.380425691604614,62.39
7.7121336460113525,62.4
8.044248342514038,62.01
8.376448392868042,62.8
8.708052158355713,62.8
9.040552854537964,62.01
9.37308382987976,62.48
9.725181102752686,62.59
10.05702829360962,62.01
10.421611785888672,62.31
10.752597570419312,62.01
11.085010766983032,62.01
11.416865825653076,62.48
11.760955810546875,61.9
12.092119216918945,62.48
12.424953937530518,61.82
12.75346040725708,62.13
13.084749460220337,61.93
13.416733980178833,62.39
13.749873876571655,61.92
14.080801010131836,62.11
14.429017305374146,61.92
14.761305332183838,62.29
15.092881202697754,62.39
15.424975872039795,61.71
15.75686264038086,61.84
16.0861177444458,61.74
16.43453550338745,61.9
16.764617204666138,61.72
17.096283435821533,61.74
17.42850112915039,61.74
17.760334730148315,61.63
18.09333562850952,61.63
18.441067457199097,61.93
18.772172927856445,61.64
19.104167938232422,61.62
19.43624472618103,61.45
19.768280029296875,61.53
20.100445985794067,61.64
20.44733476638794,62.19
20.778586626052856,61.43
21.10908031463623,61.53
21.44031286239624,62.01
21.773418188095093,61.82
22.105392456054688,61.92
22.474586963653564,168.32
22.806936740875244,61.74
23.1602783203125,62.01
23.494147777557373,61.72
23.84620714187622,61.63
24.1787691116333,61.63
24.5108904838562,61.63
24.843512296676636,61.54
25.175085067749023,61.82
25.507574558258057,61.54
25.85862684249878,61.64
26.19107151031494,67.73
