Time (s),Package Power (W)
0.1003117561340332,98.42380999999999
