Time (s),GPU Power (W)
0.1002359390258789,5.87
0.25716471672058105,130.28
0.4106733798980713,174.98
0.5431523323059082,81.17
