Time (s),Package Power (W)
0.10041689872741699,62.00546
0.2011563777923584,89.07751999999999
0.3019554615020752,96.78381999999999
0.40271615982055664,96.25769
0.503443717956543,95.26952999999999
