CPU Cap (W),GPU Cap (W),Runtime (s)
65,NA,0.5918209552764893
70,NA,0.5782990455627441
75,NA,0.5524134635925293
