Time (s),DRAM Power (W),IPC
0.0,0.0,0.8376005986883277
30.41,55139.51090000046,0.8271329642033195
