Time (s),DRAM Power (W),IPC
0.0,0.9531999996397644,0.7414142579681391
30.4,50977.05720000013,0.7962755808019487
60.76,50718.37850000011,1.0964842002237918
91.1,53487.150599999586,1.8557360795339186
121.5,57070.389300000534,1.138029820519992
151.9,57773.41959999976,0.6844624679285898
