Time (s),Core 0 Uncore Frequency (GHz),Core 1 Uncore Frequency (GHz)
0.10019588470458984,0.8,0.8
0.23349356651306152,0.8,0.8
0.36583495140075684,2.2,0.8
0.5011777877807617,0.8,0.8
0.6295397281646729,0.8,0.8
0.7594032287597656,0.8,0.8
0.8914127349853516,0.8,0.8
1.026489019393921,0.8,0.8
1.1590197086334229,0.8,0.8
1.2935097217559814,0.8,0.8
1.426281213760376,0.8,0.8
1.562070608139038,0.8,0.8
1.6960418224334717,2.2,0.8
1.829897403717041,2.2,0.8
1.9683995246887207,0.8,0.8
2.102114200592041,0.8,0.8
2.237487554550171,0.8,0.8
2.3665876388549805,0.8,0.8
2.503662586212158,0.8,0.8
2.6402745246887207,0.8,0.8
2.775646448135376,0.8,0.8
2.9115185737609863,0.8,0.8
3.0458343029022217,0.8,0.8
3.183156967163086,0.8,0.8
3.3177413940429688,0.8,0.8
3.4507334232330322,0.8,0.8
