Time (s),Core 0 Uncore Frequency (GHz),Core 1 Uncore Frequency (GHz)
0.10016942024230957,2.2,2.2
0.27887463569641113,2.2,2.2
0.46273326873779297,2.2,2.2
0.6433720588684082,2.2,2.2
0.8200790882110596,2.2,2.2
1.0013909339904785,2.2,2.2
1.1867120265960693,2.2,2.2
1.373692512512207,2.2,2.2
1.5357005596160889,2.2,2.2
1.7226922512054443,2.2,2.2
1.900634527206421,2.2,2.2
2.079986810684204,2.2,2.2
2.259443759918213,2.2,2.2
2.4446523189544678,2.2,2.2
2.5998826026916504,2.2,2.2
2.778627634048462,2.2,2.2
2.9476022720336914,2.2,2.2
3.1237659454345703,2.2,2.2
3.3155055046081543,2.1,2.1
3.5032765865325928,2.1,2.1
3.6845197677612305,2.2,2.2
3.872422218322754,2.2,2.2
4.0396270751953125,2.2,2.2
