Time (s),Core 0 Uncore Frequency (GHz),Core 1 Uncore Frequency (GHz)
0.10019850730895996,0.8,0.8
0.2358262538909912,0.8,0.8
0.36922526359558105,2.2,0.8
0.5023210048675537,2.2,0.8
0.6356537342071533,0.8,0.8
0.7667253017425537,0.8,0.8
0.8998644351959229,0.8,0.8
1.0315630435943604,0.8,0.8
1.1643261909484863,0.8,0.8
1.297987937927246,0.8,0.8
1.4307410717010498,2.2,0.8
1.5625262260437012,2.2,0.8
1.6975114345550537,2.2,0.8
1.8292837142944336,2.2,0.8
1.960383653640747,0.8,0.8
2.0923194885253906,0.8,0.8
2.2255921363830566,0.8,0.8
2.358474016189575,0.8,0.8
2.4890503883361816,0.8,0.8
2.6218693256378174,0.8,0.8
2.7549402713775635,0.8,0.8
2.888732433319092,0.8,0.8
3.02105712890625,0.8,0.8
3.1520612239837646,0.8,0.8
3.288900852203369,0.8,0.8
3.421996593475342,0.8,0.8
3.5572962760925293,0.8,0.8
3.6916325092315674,0.8,0.8
3.8227968215942383,0.8,0.8
3.959373950958252,0.8,0.8
4.092911720275879,0.8,0.8
4.2288734912872314,0.8,0.8
4.368879079818726,0.8,0.8
4.499939680099487,0.8,0.8
4.635035991668701,0.8,0.8
4.767157316207886,0.8,0.8
4.900198459625244,0.8,0.8
5.03375244140625,0.8,0.8
5.165496587753296,0.8,0.8
5.297803163528442,0.8,0.8
5.429278135299683,0.8,0.8
5.562192916870117,0.8,0.8
5.695532321929932,0.8,0.8
5.828562498092651,0.8,0.8
5.960874795913696,0.8,0.8
6.092453718185425,0.8,0.8
6.224891662597656,0.8,0.8
6.355452299118042,0.8,0.8
6.48822021484375,0.8,0.8
6.617547512054443,0.8,0.8
6.752715110778809,0.8,0.8
6.88677716255188,0.8,0.8
7.020519256591797,0.8,0.8
7.151075124740601,0.8,0.8
7.284319877624512,0.8,0.8
7.410765171051025,0.8,0.8
7.544568300247192,0.8,0.8
7.676783084869385,0.8,0.8
7.8070080280303955,0.8,0.8
7.9397971630096436,0.8,0.8
8.074912071228027,0.8,0.8
8.20918607711792,0.8,0.8
8.347371578216553,0.8,0.8
8.481153964996338,0.8,0.8
8.611250162124634,0.8,0.8
8.74469542503357,0.8,0.8
8.877074956893921,0.8,0.8
9.010886192321777,0.8,0.8
9.144683599472046,0.8,0.8
9.27748417854309,0.8,0.8
9.414250373840332,0.8,0.8
9.54819655418396,0.8,0.8
9.686559438705444,0.8,0.8
9.820668458938599,0.8,0.8
9.95348572731018,0.8,0.8
10.086395978927612,0.8,0.8
10.217422485351562,0.8,0.8
10.354176044464111,0.8,0.8
10.48753547668457,0.8,0.8
10.619791507720947,0.8,0.8
10.756589889526367,0.8,0.8
10.887301445007324,0.8,0.8
11.023398160934448,0.8,0.8
11.156339406967163,0.8,0.8
