Time (s),Core 0 Uncore Frequency (GHz),Core 1 Uncore Frequency (GHz)
0.10018515586853027,2.2,2.2
0.23328161239624023,2.2,2.2
0.36153411865234375,2.2,2.2
0.49682021141052246,2.2,2.2
0.6264288425445557,2.2,2.2
0.7576131820678711,2.2,2.2
0.888948917388916,2.2,2.2
1.02213716506958,2.2,2.2
1.149543285369873,2.2,2.2
1.2941808700561523,2.2,2.2
1.4228730201721191,2.2,2.2
1.5574040412902832,2.2,2.2
1.6878485679626465,2.2,2.2
1.8214938640594482,2.2,2.2
1.9527082443237305,2.2,2.2
2.0844168663024902,2.2,2.2
2.214202642440796,2.2,2.2
2.3496053218841553,2.2,2.2
2.480405569076538,2.2,2.2
2.614056348800659,1.2,1.2
2.751108169555664,1.2,1.2
2.889185905456543,2.2,2.2
3.0192747116088867,2.2,2.2
3.155611515045166,1.2,1.2
3.287290334701538,1.2,1.2
3.4202327728271484,1.2,1.2
3.5526371002197266,1.2,1.2
3.690126419067383,1.2,1.2
3.823042392730713,1.2,1.2
3.957127809524536,1.2,1.2
4.089405536651611,1.2,1.2
4.2328643798828125,1.2,1.2
4.371582984924316,1.2,1.2
4.505968809127808,1.2,1.2
4.640055179595947,1.2,1.2
4.774704217910767,1.2,1.2
4.905273199081421,1.2,1.2
5.036224365234375,1.2,1.2
5.168997287750244,1.2,1.2
5.302013874053955,1.2,1.2
5.438596487045288,1.2,1.2
5.5719640254974365,1.2,1.2
5.706284284591675,1.2,1.2
5.8505542278289795,1.2,1.2
5.986857175827026,1.2,1.2
6.127515554428101,2.2,2.2
6.259442329406738,2.2,2.2
6.395679235458374,2.2,2.2
6.525949001312256,2.2,2.2
6.6618053913116455,1.2,1.2
6.792942047119141,1.2,1.2
6.926262617111206,1.2,1.2
7.059294939041138,1.2,1.2
7.195312976837158,1.2,1.2
7.328240156173706,1.2,1.2
7.4583165645599365,1.2,1.2
7.5917136669158936,1.2,1.2
7.727949380874634,1.2,1.2
7.86123514175415,1.2,1.2
7.992582559585571,1.2,1.2
8.127790212631226,1.2,1.2
8.26926875114441,1.2,1.2
8.400217294692993,1.2,1.2
8.535404205322266,1.2,1.2
8.667769432067871,1.2,1.2
8.802512407302856,2.2,2.2
8.929511547088623,2.2,2.2
9.057939767837524,2.2,2.2
9.186381340026855,1.2,1.2
9.321902513504028,1.2,1.2
9.456232070922852,1.2,1.2
9.589239597320557,1.2,1.2
9.7214834690094,1.2,1.2
9.855417966842651,1.2,1.2
9.991294384002686,1.2,1.2
10.125477313995361,1.2,1.2
10.264927864074707,1.2,1.2
10.39680814743042,1.2,1.2
10.52975845336914,1.2,1.2
10.660128116607666,1.2,1.2
10.789246797561646,1.2,1.2
10.921474695205688,1.2,1.2
11.055164575576782,1.2,1.2
