Time (s),Core 0 Uncore Frequency (GHz),Core 1 Uncore Frequency (GHz)
0.10017871856689453,2.2,2.2
0.27527546882629395,2.2,2.2
0.44863462448120117,2.2,2.2
0.6287095546722412,2.2,2.2
0.8033797740936279,2.2,2.2
0.9804654121398926,2.2,2.2
1.1557400226593018,2.2,2.2
1.3317461013793945,2.2,2.2
1.5558714866638184,2.2,2.2
1.728102445602417,2.2,2.2
1.9045686721801758,2.2,2.2
2.076486349105835,2.2,2.2
2.2524688243865967,2.2,2.2
2.426387071609497,2.2,2.2
2.6026933193206787,2.2,2.2
2.7789487838745117,2.2,2.2
2.9549989700317383,2.2,2.2
3.130735158920288,2.2,2.2
3.303553819656372,2.2,2.2
3.477017402648926,2.2,2.2
3.6521413326263428,2.2,2.2
3.826829433441162,2.2,2.2
3.9990975856781006,2.2,2.2
4.209070205688477,2.2,2.2
4.382169723510742,2.2,2.2
4.553423166275024,2.2,2.2
4.723211765289307,2.2,2.2
4.900170803070068,2.2,2.2
5.0744407176971436,2.2,2.2
5.2472004890441895,2.2,2.2
5.423227787017822,2.2,2.2
5.598817586898804,2.2,2.2
5.776351451873779,2.2,2.2
5.948522329330444,2.2,2.2
6.1223838329315186,2.2,2.2
6.295570135116577,2.2,2.2
6.471137046813965,2.2,2.2
6.64362645149231,2.2,2.2
6.81692361831665,2.2,2.2
6.987770318984985,2.2,2.2
7.1602513790130615,2.2,2.2
7.332739353179932,2.2,2.2
7.5065062046051025,2.2,2.2
7.682502031326294,2.2,2.2
7.854727268218994,2.2,2.2
8.027512788772583,2.2,2.2
8.214667320251465,2.2,2.2
8.388050556182861,2.2,2.2
8.562897682189941,2.2,2.2
8.737115621566772,2.2,2.2
8.908412456512451,2.2,2.2
9.083039045333862,2.2,2.2
9.260250329971313,2.2,2.2
9.433771133422852,2.2,2.2
9.6095552444458,2.2,2.2
9.782893180847168,2.2,2.2
9.95984935760498,2.2,2.2
10.18770456314087,2.2,2.2
10.362978219985962,2.2,2.2
10.539527177810669,2.2,2.2
10.714068174362183,2.2,2.2
10.893664121627808,2.2,2.2
