Time (s),Package Power (W)
0.10033440589904785,339.23985
0.20088696479797363,192.82055
0.3013651371002197,151.75804
0.40189647674560547,167.26214
0.5023927688598633,171.98198
0.6027920246124268,125.14493999999999
0.7032246589660645,106.17466
0.8036091327667236,105.88535
0.9039888381958008,104.41928999999999
1.0043327808380127,105.01864999999998
1.1046984195709229,103.98837999999999
1.2050609588623047,105.20297
1.3053843975067139,100.63939999999998
1.4058916568756104,103.68746999999999
1.506291151046753,105.92137000000001
1.6066429615020752,104.83736999999999
1.7070720195770264,125.22062999999999
1.8074696063995361,147.17735999999996
1.9080801010131836,139.64258999999998
2.0085816383361816,103.39023
2.1090455055236816,104.58897
2.2095086574554443,101.6959
2.3099851608276367,102.55834
2.4104459285736084,102.51683
2.5108823776245117,101.06725
2.61128306388855,105.76999
2.7117176055908203,105.55515
2.812199354171753,105.16940000000001
2.912621021270752,104.96860999999998
3.0130882263183594,105.67172
3.113589286804199,105.97508
3.2140774726867676,104.9863
3.314643144607544,104.14646
3.415066957473755,99.33994999999999
3.5154871940612793,120.76141
