Time (s),GPU 0 Power (W)
0.10016918182373047,37.12
0.25836730003356934,37.22
0.4425070285797119,37.02
0.572843074798584,37.12
0.7205808162689209,37.02
0.8873190879821777,38.01
1.0329465866088867,141.35
1.2152764797210693,251.86
1.3646624088287354,253.79
1.5002613067626953,251.08
1.6383252143859863,251.19
1.8152611255645752,251.48
1.9879658222198486,240.08
2.1238393783569336,239.87
2.2830862998962402,252.17
2.4591643810272217,247.3
2.6287128925323486,246.21
2.8043456077575684,255.56
2.9871292114257812,246.41
3.128477096557617,244.18
3.290806770324707,249.52
3.4525277614593506,253.52
3.629169464111328,246.98
3.8021256923675537,250.99
3.973686456680298,252.05
4.107736110687256,249.33
4.262057781219482,247.41
4.4361937046051025,250.69
4.597110271453857,250.7
4.7695088386535645,250.8
4.927392959594727,245.94
5.10106635093689,244.95
5.257720947265625,247.98
5.432660818099976,251.57
5.634617567062378,251.85
5.808973073959351,251.97
5.951136827468872,245.35
6.119939565658569,245.44
6.296309947967529,251.29
6.434962511062622,251.4
6.607384443283081,251.89
6.779586553573608,249.04
6.933008193969727,245.84
7.070040225982666,245.82
7.208614110946655,250.4
7.382807493209839,252.17
7.55897068977356,252.38
7.728159189224243,243.31
7.887206792831421,252.38
8.024181604385376,246.89
8.156843185424805,245.94
8.29561448097229,249.33
8.466206073760986,252.66
8.64742398262024,252.46
8.789786100387573,246.6
8.927655220031738,246.24
9.07237720489502,246.62
9.250171899795532,252.66
9.402364730834961,253.43
9.575049877166748,252.66
9.708016872406006,247.08
9.880712509155273,247.1
10.016544818878174,246.52
10.153413534164429,247.38
10.332276105880737,253.63
10.511769771575928,60.66
10.659981489181519,58.38
10.885375738143921,57.9
