Time (s),Package Power (W)
0.10033154487609863,89.27589999999998
0.2008063793182373,91.74596999999999
0.3013021945953369,91.1338
0.4017298221588135,91.27601999999999
0.50213623046875,91.82167
0.6025450229644775,90.54418999999999
0.70296311378479,90.54237
0.8033664226531982,91.43715
0.9037761688232422,90.72485999999999
1.0041751861572266,90.13770999999998
1.1045551300048828,90.67726
1.2049741744995117,93.16503999999999
1.305588722229004,90.34584
1.4060518741607666,91.11914999999999
1.506481409072876,90.26831999999999
1.6069798469543457,90.7029
1.7074048519134521,91.60255
1.8078501224517822,90.50391999999998
1.9082589149475098,90.32446999999999
2.008669853210449,91.06727
2.1090564727783203,90.42763000000001
2.209453821182251,90.09377
2.309861898422241,91.03736
2.410264492034912,89.99427
2.510664463043213,90.3904
2.611055612564087,90.28174999999999
2.7114412784576416,91.08374999999998
2.811847448348999,89.88989999999998
2.9122321605682373,90.14199
3.0126190185546875,91.03065000000001
3.113006591796875,90.05652999999998
3.213395833969116,90.03335
3.3137896060943604,90.95739999999999
3.414175271987915,90.73768000000001
3.514552116394043,90.18898
3.6149544715881348,90.1249
3.7153408527374268,91.13561999999999
3.8157460689544678,89.91127
3.916140556335449,90.13038999999999
4.016529083251953,91.06361
4.116909503936768,90.11389999999999
4.217310667037964,89.78308999999999
