Time (s),Package Power (W)
0.30048680305480957,178.30866333333333
0.6009659767150879,118.9505
0.9015681743621826,119.15558
1.2021641731262207,117.25169666666666
1.5027391910552979,116.33250666666667
1.8033480644226074,116.31684
2.1039321422576904,116.17666333333332
2.404521942138672,116.72801666666668
2.7051289081573486,115.71503333333335
3.0056705474853516,115.66417333333334
3.306232452392578,115.23245333333334
3.6067934036254883,114.58019
3.9073541164398193,115.81208333333332
4.207883834838867,115.97585666666666
4.508441209793091,113.19286666666669
4.80899453163147,113.84309000000002
5.109546184539795,113.86507
5.410095930099487,114.05691666666668
5.7106544971466064,113.57779333333333
6.011181354522705,113.31839666666667
6.311754941940308,113.24047
6.612298965454102,113.44860333333335
6.912847280502319,113.36763
7.213394403457642,113.30130666666668
7.513948440551758,113.65815333333333
7.814514398574829,113.33976
8.115036249160767,113.36315333333334
8.415581464767456,113.55866999999999
8.716133832931519,113.26061333333334
9.016684532165527,113.33019333333333
9.317229986190796,115.63467666666668
9.617780685424805,113.12185666666667
9.918334245681763,113.2681466666667
10.218859434127808,113.32063333333333
10.519413471221924,113.05797666666666
10.819969415664673,113.24881666666668
11.120496034622192,113.31534
11.421046018600464,113.16763999999999
11.7216055393219,113.40038666666668
12.022156000137329,113.22663666666666
12.322678327560425,113.7491
12.623233795166016,113.00447000000001
12.923791408538818,113.35135333333334
13.224339962005615,112.85351333333334
13.524892568588257,113.00386000000002
13.825469017028809,178.21854
