Time (s),Package Power (W)
0.30051469802856445,177.42996333333335
0.6013185977935791,117.04254666666667
0.901921272277832,116.12539666666669
1.202533483505249,114.25996333333333
1.5031020641326904,113.86750666666667
1.8037118911743164,113.11636666666668
2.104304552078247,113.40160666666668
2.404876947402954,112.34163000000001
2.7055065631866455,112.49808666666667
3.006147861480713,113.43700333333334
3.3067638874053955,113.35501666666666
3.607339859008789,113.24251
3.9078965187072754,113.37169666666668
4.208465576171875,113.24250666666667
4.509036540985107,113.43863666666667
4.809611082077026,113.88988333333336
5.1101906299591064,113.04536666666667
5.410769939422607,113.64350666666667
5.7113494873046875,113.74137
6.0119309425354,114.53868666666668
6.312498092651367,113.19713666666668
6.613066911697388,113.35705
6.91362190246582,112.92248000000001
7.21419095993042,112.40775666666667
7.514736652374268,110.55249000000002
7.815314054489136,110.55615333333334
8.115869283676147,110.48332
8.416425943374634,111.59456333333334
8.716989040374756,110.88961
9.017536640167236,103.34222333333334
9.318104028701782,103.03766000000002
9.618646144866943,102.81366
9.919207096099854,103.88157
10.219778776168823,102.76971333333334
10.520339965820312,103.27325666666667
10.82088041305542,104.03436333333335
11.121476888656616,121.99960333333333
