Time (s),Package Power (W)
0.3005177974700928,178.73998
0.6012611389160156,184.52182333333334
