Time (s),Core 0 Uncore Frequency (GHz),Core 1 Uncore Frequency (GHz)
0.30038952827453613,0.8,0.8
0.623502254486084,0.8,0.8
0.9634912014007568,0.8,0.8
1.2968080043792725,0.8,0.8
1.627880334854126,2.2,2.2
1.9578852653503418,2.2,2.2
2.293360710144043,2.2,2.2
2.628742218017578,2.2,2.2
2.963041067123413,2.2,2.2
3.302114963531494,2.2,2.2
3.633631467819214,2.2,2.2
3.964289426803589,0.8,0.8
4.300318956375122,2.2,2.2
4.630541086196899,2.2,2.2
4.9627814292907715,2.2,2.2
5.294721603393555,2.2,2.2
5.627565860748291,2.2,2.2
5.965107202529907,2.2,2.2
6.2881927490234375,2.2,2.2
6.607763051986694,2.2,2.2
6.93195915222168,2.2,2.2
7.260263442993164,2.2,2.2
7.579599857330322,2.2,2.2
7.901595592498779,2.2,2.2
8.230030536651611,2.2,2.2
8.555095434188843,2.2,2.2
8.876272439956665,2.2,2.2
9.204477310180664,2.2,2.2
9.530805826187134,2.2,2.2
9.855780124664307,2.2,2.2
10.184792041778564,2.2,2.2
10.50509524345398,2.2,2.2
10.823263168334961,2.2,2.2
11.146389245986938,2.2,2.2
11.468261241912842,2.2,2.2
11.790566444396973,2.2,2.2
