Time (s),Core 0 Uncore Frequency (GHz),Core 1 Uncore Frequency (GHz)
0.3004188537597656,0.8,0.8
0.6262331008911133,0.8,0.8
0.9614555835723877,0.8,0.8
1.2962164878845215,0.8,0.8
1.6330554485321045,0.8,0.8
1.9674339294433594,0.8,0.8
2.310981512069702,2.2,2.2
2.64217209815979,2.2,2.2
2.968172788619995,2.2,2.2
3.2970361709594727,2.2,2.2
3.626166820526123,2.2,2.2
3.9578745365142822,2.2,2.2
4.293409824371338,2.2,2.2
4.6271812915802,0.8,0.8
4.957595586776733,0.8,0.8
5.287582635879517,2.2,2.2
5.61689305305481,2.2,2.2
5.947434663772583,2.2,2.2
6.27825403213501,2.2,2.2
6.608393430709839,2.2,2.2
6.940788269042969,0.8,0.8
7.277235746383667,0.8,0.8
7.609968185424805,0.8,0.8
7.943339824676514,0.8,0.8
8.27928113937378,0.8,0.8
8.61478590965271,2.2,2.2
8.948878288269043,2.2,2.2
9.281336069107056,0.8,0.8
9.613827466964722,0.8,0.8
9.944925308227539,0.8,0.8
10.284407377243042,0.8,0.8
10.61741852760315,0.8,0.8
10.946337938308716,0.8,0.8
11.282132387161255,0.8,0.8
11.611032247543335,2.2,2.2
11.944137811660767,0.8,0.8
12.282252073287964,0.8,0.8
12.61479139328003,2.2,2.2
12.949341535568237,0.8,0.8
13.28175973892212,0.8,0.8
13.614052295684814,2.2,2.2
13.949399948120117,2.2,2.2
14.280214309692383,2.2,2.2
14.610286235809326,0.8,0.8
14.946454763412476,2.2,2.2
15.279761791229248,2.2,2.2
15.616080284118652,0.8,0.8
15.951857328414917,0.8,0.8
16.289808750152588,0.8,0.8
16.621912002563477,2.2,2.2
16.953706979751587,0.8,0.8
17.286378383636475,0.8,0.8
17.6158607006073,2.2,2.2
17.948413372039795,2.2,2.2
18.278440237045288,2.2,2.2
18.610078811645508,0.8,0.8
18.942983150482178,0.8,0.8
19.280760288238525,2.2,2.2
19.61447024345398,2.2,2.2
19.942802667617798,2.2,2.2
20.271482229232788,0.8,0.8
20.60158085823059,2.2,2.2
20.931061506271362,0.8,0.8
21.26753878593445,0.8,0.8
21.60602569580078,2.2,2.2
21.939359188079834,0.8,0.8
22.27404022216797,0.8,0.8
22.609439373016357,2.2,2.2
22.947591543197632,2.2,2.2
23.282490968704224,0.8,0.8
23.619149208068848,0.8,0.8
23.949944734573364,2.2,2.2
24.284523963928223,2.2,2.2
24.617156982421875,0.8,0.8
24.94862413406372,0.8,0.8
25.282972812652588,2.2,2.2
25.60594940185547,2.2,2.2
25.933716535568237,0.8,0.8
26.266805171966553,2.2,2.2
26.59751296043396,0.8,0.8
