Time (s),Core 0 Uncore Frequency (GHz),Core 1 Uncore Frequency (GHz)
0.3003957271575928,2.2,0.8
0.6391708850860596,2.2,0.8
0.9752185344696045,2.2,0.8
1.3126006126403809,2.2,0.8
1.6486890316009521,2.2,0.8
1.9840998649597168,2.2,0.8
2.3212263584136963,2.2,0.8
2.658356189727783,2.2,0.8
2.9911224842071533,2.2,0.8
3.327343702316284,2.2,0.8
3.661820650100708,2.2,0.8
3.99755859375,2.2,0.8
4.3338940143585205,2.2,0.8
4.667289733886719,2.2,0.8
5.001664161682129,2.2,0.8
5.33743953704834,2.2,0.8
