Time (s),Core 0 Uncore Frequency (GHz),Core 1 Uncore Frequency (GHz)
0.3004159927368164,0.8,0.8
0.6338403224945068,0.8,0.8
0.9685556888580322,0.8,0.8
1.3045058250427246,0.8,0.8
1.6426599025726318,0.8,0.8
1.9763593673706055,0.8,0.8
2.310976982116699,0.8,0.8
2.643636465072632,0.8,0.8
2.976381540298462,0.8,0.8
3.311408758163452,0.8,0.8
3.6438703536987305,0.8,0.8
3.979292631149292,0.8,0.8
4.311898946762085,0.8,0.8
4.649350643157959,0.8,0.8
4.989699602127075,0.8,0.8
5.323904752731323,0.8,0.8
5.6595282554626465,0.8,0.8
5.998712062835693,0.8,0.8
6.331485271453857,0.8,0.8
6.6646506786346436,0.8,0.8
