Time (s),Core 0 Uncore Frequency (GHz),Core 1 Uncore Frequency (GHz)
0.30040955543518066,2.2,0.8
0.6348006725311279,2.2,0.8
0.9714758396148682,2.2,0.8
1.3078629970550537,2.2,0.8
1.641179084777832,2.2,0.8
1.9742405414581299,2.2,0.8
2.3088932037353516,2.2,0.8
2.6417858600616455,2.2,0.8
2.9765918254852295,2.2,0.8
3.3133654594421387,2.2,0.8
3.6461970806121826,2.2,0.8
3.980179786682129,2.2,0.8
4.315397500991821,2.2,0.8
4.649752616882324,2.2,0.8
4.986886978149414,2.2,0.8
5.321316242218018,2.2,0.8
