Time (s),GPU 0 Power (W)
0.10017514228820801,36.73
0.2722902297973633,36.83
0.44329214096069336,36.83
0.5890238285064697,36.73
0.7405762672424316,36.73
0.8668525218963623,36.73
0.9989712238311768,36.83
1.1490473747253418,36.73
1.2952234745025635,36.83
1.4210898876190186,36.73
1.5711193084716797,36.73
1.734196424484253,36.83
1.885291337966919,35.24
2.016251564025879,35.34
2.151890277862549,35.74
2.2826175689697266,104.77
2.438336133956909,211.37
2.5721399784088135,213.71
2.7221791744232178,212.97
2.87029767036438,211.71
3.000478982925415,214.11
3.1554837226867676,214.09
3.308861494064331,213.03
3.4813225269317627,213.61
3.6330788135528564,215.48
3.7825863361358643,214.73
3.9947621822357178,214.92
4.131592273712158,214.61
4.299797058105469,213.83
4.449155569076538,215.47
4.57668399810791,215.49
4.708737850189209,216.62
4.838486909866333,214.5
5.008090972900391,214.84
5.13608193397522,215.63
5.267761707305908,214.05
5.4013142585754395,215.28
5.535801887512207,216.9
5.683074474334717,216.33
5.855162620544434,213.86
6.007529973983765,215.92
6.179185628890991,214.75
6.308318853378296,215.39
6.442960739135742,216.52
6.57669734954834,217.31
6.729383230209351,215.69
6.900540113449097,216.57
7.069152355194092,216.41
7.220003604888916,214.55
7.352229356765747,216.18
7.5081048011779785,216.57
7.653095483779907,215.99
7.785276651382446,215.04
7.956789970397949,216.22
8.109237432479858,217.78
8.24542784690857,217.25
8.39935851097107,216.36
8.56920337677002,215.73
8.721200942993164,214.54
8.875488042831421,216.29
9.021225929260254,217.2
9.150344371795654,218.19
9.288314580917358,216.45
9.418189764022827,218.12
9.570330619812012,216.1
9.703484296798706,217.27
9.871054887771606,216.38
10.023637294769287,217.71
10.159774780273438,217.79
10.329594850540161,217.04
10.48075270652771,216.68
10.634385585784912,218.22
10.764284133911133,217.05
10.937601804733276,216.99
11.10551381111145,216.36
11.241569757461548,216.07
11.374204874038696,216.48
11.505149126052856,217.09
11.6597900390625,218.13
11.809284687042236,217.73
11.941677331924438,217.23
12.076222896575928,216.79
12.231568813323975,215.63
12.381381750106812,217.52
12.530953645706177,217.92
12.677086114883423,218.43
12.842443466186523,224.59
12.98926830291748,224.1
13.12361454963684,224.4
13.275864124298096,224.59
13.407039880752563,58.85
