Time (s),GPU 0 Power (W)
0.10017728805541992,35.84
0.2525053024291992,35.84
0.40221142768859863,35.94
0.5338420867919922,35.84
0.682654857635498,35.74
0.8465938568115234,35.84
1.009629487991333,35.94
1.1420032978057861,35.84
1.2855217456817627,35.84
1.4144973754882812,35.94
1.5408737659454346,35.84
1.6872801780700684,35.84
1.8555333614349365,34.85
2.0079007148742676,34.26
2.1408777236938477,84.27
2.272585391998291,127.77
2.426616907119751,186.7
2.5595383644104004,219.65
2.8176257610321045,219.29
2.9519474506378174,218.89
3.081031084060669,220.09
3.2138218879699707,219.0
3.359933853149414,219.81
3.5132343769073486,220.58
3.666317939758301,218.56
3.81158447265625,219.78
3.9448654651641846,219.52
4.0790088176727295,218.62
4.214157342910767,217.38
4.360872983932495,219.15
4.490673065185547,220.07
4.640207529067993,220.01
4.767780303955078,218.24
4.900420904159546,218.84
5.052203416824341,221.26
5.186213731765747,220.61
5.335883140563965,221.41
5.46734356880188,219.72
5.619657278060913,220.85
5.772007465362549,220.18
5.923564195632935,221.71
6.055303335189819,219.7
6.229965925216675,219.76
6.379904508590698,221.37
6.511769533157349,219.97
6.6428821086883545,221.27
6.774433851242065,218.54
6.920091152191162,212.85
7.0752112865448,211.38
7.205011606216431,212.44
7.338488578796387,213.82
7.474968671798706,211.02
7.62824273109436,213.15
7.800018787384033,213.31
7.94810676574707,211.1
8.080428123474121,212.64
8.25163984298706,211.73
8.384397983551025,212.53
8.516252756118774,213.4
8.647366046905518,212.33
8.798460483551025,212.18
8.945672988891602,212.86
9.079097270965576,213.57
9.250972509384155,212.12
9.384141206741333,213.5
9.51938509941101,214.25
9.669883966445923,212.37
9.803528785705566,213.15
9.952579259872437,214.29
10.103850364685059,212.74
10.275541067123413,213.8
10.428191423416138,213.88
10.579943895339966,213.42
10.750073909759521,213.95
10.89989686012268,214.39
11.032233715057373,215.09
11.18630599975586,214.39
11.340593099594116,213.65
11.470430850982666,214.78
11.621486186981201,213.24
11.749503374099731,214.53
11.883651494979858,214.87
12.052128553390503,215.38
12.205782175064087,213.79
12.37405276298523,215.92
12.525586128234863,214.68
12.671554327011108,215.28
12.804040431976318,214.73
12.931382656097412,214.02
13.08513355255127,213.83
13.24004077911377,60.72
13.41724681854248,54.44
