Time (s),GPU 0 Power (W)
0.10018372535705566,63.18
0.26729249954223633,62.79
0.43627190589904785,62.09
0.6027603149414062,62.79
0.7617669105529785,61.8
0.906517744064331,64.56
1.0639398097991943,250.24
1.2006726264953613,250.05
1.3541572093963623,254.2
1.4869263172149658,251.21
1.6373004913330078,254.51
1.772327184677124,234.35
1.9259774684906006,238.45
2.077911615371704,255.1
2.2287659645080566,255.1
2.397151231765747,255.39
2.53315806388855,256.17
2.706321954727173,249.85
2.879936933517456,240.21
3.016660451889038,240.99
3.1785037517547607,256.26
3.337770462036133,249.85
3.473414421081543,256.82
3.6408333778381348,248.19
3.7771100997924805,241.47
3.992737054824829,241.37
4.147420644760132,256.67
4.324810981750488,247.9
4.497606039047241,250.62
4.649749517440796,250.82
4.784841537475586,245.67
4.938987731933594,241.96
5.075962781906128,242.07
5.208209037780762,251.6
5.3816752433776855,251.88
5.555208683013916,248.6
5.695518970489502,251.49
5.849728345870972,245.56
5.985371351242065,242.53
6.159298896789551,249.35
6.314144849777222,251.79
6.485561370849609,251.99
6.657786130905151,252.38
6.792416095733643,246.17
6.943792343139648,242.94
7.117354869842529,249.46
7.266445875167847,249.47
7.413324594497681,249.46
7.585852146148682,252.31
7.757591247558594,252.18
7.890659809112549,243.23
8.041308641433716,243.34
8.213395595550537,252.47
8.380850553512573,252.76
8.512052774429321,250.16
8.661495685577393,250.24
8.814349174499512,250.07
8.989573955535889,243.64
9.165638208389282,250.15
9.321036577224731,250.92
9.493754148483276,250.16
9.645657300949097,250.45
9.792990684509277,250.45
9.96489953994751,247.55
10.122117519378662,250.16
10.275977373123169,250.83
10.44103479385376,66.39
10.608436346054077,66.71
