Time (s),GPU 0 Power (W)
0.10017561912536621,40.97
0.24999761581420898,40.28
0.4145634174346924,40.67
0.5643720626831055,40.28
0.7360048294067383,40.18
0.9063820838928223,40.28
1.0389814376831055,174.08
1.2122464179992676,174.57
1.3535897731781006,250.72
1.5252938270568848,251.59
1.6953017711639404,254.9
1.870161533355713,252.27
2.022568464279175,255.88
2.170525312423706,231.33
2.3184454441070557,243.04
2.4660696983337402,252.76
2.6169590950012207,256.75
2.7895936965942383,256.75
2.9276492595672607,253.92
3.091188669204712,245.65
3.2463784217834473,241.95
3.401301145553589,241.47
3.5349812507629395,254.32
3.770557165145874,251.32
3.9062936305999756,250.72
4.054181814193726,251.4
4.226151704788208,240.01
4.396119594573975,244.2
4.5504536628723145,254.49
4.708988904953003,251.49
4.8491127490997314,252.26
5.022111892700195,252.86
5.152350425720215,249.26
5.304797887802124,239.92
5.43663215637207,246.25
5.570775270462036,253.05
5.745015621185303,250.07
5.877154588699341,250.34
6.030274391174316,250.26
6.182761907577515,250.54
6.317952394485474,247.22
6.470848321914673,247.14
6.638155937194824,250.64
6.773075342178345,251.22
6.9257142543792725,250.54
7.057872533798218,250.91
7.205881357192993,247.52
7.3549253940582275,247.71
7.490168571472168,247.24
7.625338554382324,250.92
7.761454820632935,250.9
7.938233375549316,251.79
8.073983907699585,247.73
8.226357698440552,247.9
8.403334140777588,248.0
8.538798809051514,248.02
8.696287870407104,252.0
8.852817296981812,251.49
8.992195129394531,248.01
9.15117359161377,248.61
9.289607763290405,248.68
9.420084476470947,248.31
9.554468154907227,248.6
9.701919317245483,252.07
9.851594924926758,252.56
9.986085891723633,249.38
10.120967388153076,242.56
10.26127815246582,248.69
10.386293172836304,74.35
10.549814939498901,65.44
10.699186563491821,67.39
