Time (s),DRAM Power (W),IPC
0.0,0.0,1.1681082699744578
30.39,55098.352400000294,0.7876010186599057
